restaurant_id,restaurant_name,city,opening_hours
1,Restaurant_1,Jaipur,10:00-22:00
2,Restaurant_2,Ahmedabad,10:00-23:00
3,Restaurant_3,Lucknow,10:00-23:00
4,Restaurant_4,Ahmedabad,11:00-23:00
5,Restaurant_5,Ahmedabad,9:00-21:00
6,Restaurant_6,Lucknow,10:00-21:00
7,Restaurant_7,Ahmedabad,11:00-21:00
8,Restaurant_8,Mumbai,11:00-22:00
9,Restaurant_9,Bangalore,10:00-22:00
10,Restaurant_10,Mumbai,11:00-21:00
11,Restaurant_11,Bangalore,9:00-21:00
12,Restaurant_12,Lucknow,11:00-21:00
13,Restaurant_13,Kolkata,11:00-21:00
14,Restaurant_14,Ahmedabad,11:00-22:00
15,Restaurant_15,Bangalore,11:00-23:00
16,Restaurant_16,Hyderabad,10:00-22:00
17,Restaurant_17,Lucknow,10:00-23:00
18,Restaurant_18,Lucknow,11:00-21:00
19,Restaurant_19,Delhi,9:00-23:00
20,Restaurant_20,Mumbai,11:00-22:00
21,Restaurant_21,Chennai,10:00-23:00
22,Restaurant_22,Jaipur,10:00-21:00
23,Restaurant_23,Lucknow,9:00-21:00
24,Restaurant_24,Pune,10:00-22:00
25,Restaurant_25,Chennai,10:00-22:00
26,Restaurant_26,Pune,10:00-22:00
27,Restaurant_27,Hyderabad,9:00-23:00
28,Restaurant_28,Pune,9:00-21:00
29,Restaurant_29,Hyderabad,10:00-21:00
30,Restaurant_30,Delhi,10:00-22:00
31,Restaurant_31,Lucknow,9:00-23:00
32,Restaurant_32,Delhi,10:00-22:00
33,Restaurant_33,Hyderabad,9:00-22:00
34,Restaurant_34,Jaipur,11:00-23:00
35,Restaurant_35,Kolkata,9:00-23:00
36,Restaurant_36,Pune,11:00-21:00
37,Restaurant_37,Kolkata,10:00-21:00
38,Restaurant_38,Chennai,9:00-23:00
39,Restaurant_39,Jaipur,9:00-22:00
40,Restaurant_40,Ahmedabad,9:00-21:00
41,Restaurant_41,Jaipur,11:00-21:00
42,Restaurant_42,Jaipur,9:00-21:00
43,Restaurant_43,Hyderabad,10:00-21:00
44,Restaurant_44,Kolkata,11:00-22:00
45,Restaurant_45,Bangalore,11:00-22:00
46,Restaurant_46,Bangalore,9:00-23:00
47,Restaurant_47,Kolkata,11:00-21:00
48,Restaurant_48,Bangalore,11:00-22:00
49,Restaurant_49,Bangalore,11:00-22:00
50,Restaurant_50,Bangalore,11:00-21:00
51,Restaurant_51,Jaipur,10:00-22:00
52,Restaurant_52,Pune,11:00-21:00
53,Restaurant_53,Pune,11:00-22:00
54,Restaurant_54,Kolkata,9:00-22:00
55,Restaurant_55,Jaipur,9:00-23:00
56,Restaurant_56,Hyderabad,9:00-23:00
57,Restaurant_57,Hyderabad,11:00-22:00
58,Restaurant_58,Mumbai,11:00-21:00
59,Restaurant_59,Lucknow,10:00-21:00
60,Restaurant_60,Mumbai,9:00-22:00
61,Restaurant_61,Pune,10:00-23:00
62,Restaurant_62,Bangalore,11:00-21:00
63,Restaurant_63,Lucknow,11:00-23:00
64,Restaurant_64,Chennai,10:00-22:00
65,Restaurant_65,Delhi,11:00-21:00
66,Restaurant_66,Delhi,11:00-21:00
67,Restaurant_67,Mumbai,10:00-22:00
68,Restaurant_68,Ahmedabad,9:00-21:00
69,Restaurant_69,Kolkata,10:00-22:00
70,Restaurant_70,Chennai,9:00-22:00
71,Restaurant_71,Delhi,9:00-21:00
72,Restaurant_72,Hyderabad,9:00-21:00
73,Restaurant_73,Mumbai,10:00-21:00
74,Restaurant_74,Pune,9:00-22:00
75,Restaurant_75,Kolkata,11:00-22:00
76,Restaurant_76,Mumbai,11:00-23:00
77,Restaurant_77,Bangalore,11:00-23:00
78,Restaurant_78,Pune,10:00-22:00
79,Restaurant_79,Hyderabad,10:00-22:00
80,Restaurant_80,Lucknow,9:00-21:00
81,Restaurant_81,Lucknow,10:00-23:00
82,Restaurant_82,Delhi,9:00-21:00
83,Restaurant_83,Pune,9:00-22:00
84,Restaurant_84,Pune,10:00-22:00
85,Restaurant_85,Pune,9:00-23:00
86,Restaurant_86,Delhi,10:00-23:00
87,Restaurant_87,Hyderabad,10:00-22:00
88,Restaurant_88,Chennai,9:00-22:00
89,Restaurant_89,Hyderabad,9:00-23:00
90,Restaurant_90,Pune,9:00-21:00
91,Restaurant_91,Delhi,11:00-22:00
92,Restaurant_92,Chennai,9:00-22:00
93,Restaurant_93,Ahmedabad,10:00-22:00
94,Restaurant_94,Jaipur,11:00-23:00
95,Restaurant_95,Mumbai,10:00-23:00
96,Restaurant_96,Pune,11:00-23:00
97,Restaurant_97,Pune,9:00-22:00
98,Restaurant_98,Pune,9:00-21:00
99,Restaurant_99,Hyderabad,11:00-23:00
100,Restaurant_100,Kolkata,10:00-23:00
101,Restaurant_101,Kolkata,11:00-21:00
102,Restaurant_102,Mumbai,11:00-21:00
103,Restaurant_103,Ahmedabad,9:00-22:00
104,Restaurant_104,Hyderabad,11:00-22:00
105,Restaurant_105,Lucknow,9:00-21:00
106,Restaurant_106,Hyderabad,10:00-23:00
107,Restaurant_107,Chennai,10:00-22:00
108,Restaurant_108,Lucknow,9:00-22:00
109,Restaurant_109,Mumbai,11:00-21:00
110,Restaurant_110,Pune,9:00-21:00
111,Restaurant_111,Kolkata,11:00-21:00
112,Restaurant_112,Ahmedabad,10:00-21:00
113,Restaurant_113,Kolkata,10:00-21:00
114,Restaurant_114,Jaipur,9:00-21:00
115,Restaurant_115,Chennai,9:00-22:00
116,Restaurant_116,Jaipur,9:00-21:00
117,Restaurant_117,Jaipur,11:00-22:00
118,Restaurant_118,Delhi,11:00-21:00
119,Restaurant_119,Lucknow,9:00-22:00
120,Restaurant_120,Jaipur,11:00-21:00
121,Restaurant_121,Lucknow,9:00-23:00
122,Restaurant_122,Kolkata,9:00-23:00
123,Restaurant_123,Jaipur,10:00-23:00
124,Restaurant_124,Pune,10:00-21:00
125,Restaurant_125,Delhi,11:00-21:00
126,Restaurant_126,Ahmedabad,11:00-22:00
127,Restaurant_127,Lucknow,10:00-21:00
128,Restaurant_128,Bangalore,9:00-21:00
129,Restaurant_129,Chennai,9:00-22:00
130,Restaurant_130,Mumbai,9:00-23:00
131,Restaurant_131,Lucknow,10:00-22:00
132,Restaurant_132,Jaipur,10:00-21:00
133,Restaurant_133,Lucknow,10:00-22:00
134,Restaurant_134,Lucknow,11:00-23:00
135,Restaurant_135,Ahmedabad,11:00-21:00
136,Restaurant_136,Lucknow,9:00-22:00
137,Restaurant_137,Pune,11:00-21:00
138,Restaurant_138,Jaipur,11:00-23:00
139,Restaurant_139,Mumbai,9:00-22:00
140,Restaurant_140,Delhi,9:00-21:00
141,Restaurant_141,Delhi,9:00-23:00
142,Restaurant_142,Ahmedabad,11:00-23:00
143,Restaurant_143,Delhi,9:00-23:00
144,Restaurant_144,Ahmedabad,11:00-21:00
145,Restaurant_145,Hyderabad,9:00-23:00
146,Restaurant_146,Lucknow,9:00-23:00
147,Restaurant_147,Lucknow,11:00-23:00
148,Restaurant_148,Pune,11:00-22:00
149,Restaurant_149,Hyderabad,11:00-23:00
150,Restaurant_150,Chennai,11:00-21:00
151,Restaurant_151,Bangalore,9:00-21:00
152,Restaurant_152,Hyderabad,11:00-22:00
153,Restaurant_153,Delhi,9:00-23:00
154,Restaurant_154,Chennai,11:00-21:00
155,Restaurant_155,Mumbai,10:00-23:00
156,Restaurant_156,Hyderabad,10:00-21:00
157,Restaurant_157,Hyderabad,11:00-23:00
158,Restaurant_158,Pune,11:00-23:00
159,Restaurant_159,Pune,11:00-22:00
160,Restaurant_160,Mumbai,11:00-21:00
161,Restaurant_161,Delhi,9:00-21:00
162,Restaurant_162,Bangalore,10:00-21:00
163,Restaurant_163,Bangalore,11:00-21:00
164,Restaurant_164,Jaipur,10:00-21:00
165,Restaurant_165,Hyderabad,11:00-22:00
166,Restaurant_166,Chennai,9:00-23:00
167,Restaurant_167,Pune,10:00-22:00
168,Restaurant_168,Ahmedabad,9:00-21:00
169,Restaurant_169,Hyderabad,9:00-22:00
170,Restaurant_170,Lucknow,11:00-21:00
171,Restaurant_171,Hyderabad,11:00-21:00
172,Restaurant_172,Ahmedabad,10:00-21:00
173,Restaurant_173,Delhi,9:00-21:00
174,Restaurant_174,Kolkata,10:00-21:00
175,Restaurant_175,Mumbai,9:00-23:00
176,Restaurant_176,Chennai,11:00-23:00
177,Restaurant_177,Jaipur,10:00-21:00
178,Restaurant_178,Jaipur,9:00-23:00
179,Restaurant_179,Chennai,11:00-23:00
180,Restaurant_180,Chennai,9:00-22:00
181,Restaurant_181,Mumbai,9:00-22:00
182,Restaurant_182,Ahmedabad,10:00-21:00
183,Restaurant_183,Pune,11:00-22:00
184,Restaurant_184,Ahmedabad,9:00-22:00
185,Restaurant_185,Mumbai,10:00-22:00
186,Restaurant_186,Lucknow,9:00-23:00
187,Restaurant_187,Bangalore,10:00-23:00
188,Restaurant_188,Chennai,10:00-23:00
189,Restaurant_189,Bangalore,11:00-21:00
190,Restaurant_190,Chennai,9:00-22:00
191,Restaurant_191,Hyderabad,10:00-21:00
192,Restaurant_192,Kolkata,9:00-21:00
193,Restaurant_193,Chennai,10:00-23:00
194,Restaurant_194,Mumbai,9:00-23:00
195,Restaurant_195,Pune,9:00-22:00
196,Restaurant_196,Delhi,11:00-23:00
197,Restaurant_197,Chennai,11:00-23:00
198,Restaurant_198,Jaipur,11:00-22:00
199,Restaurant_199,Jaipur,9:00-21:00
200,Restaurant_200,Kolkata,9:00-22:00
201,Restaurant_201,Ahmedabad,9:00-22:00
202,Restaurant_202,Jaipur,11:00-21:00
203,Restaurant_203,Ahmedabad,10:00-23:00
204,Restaurant_204,Chennai,11:00-21:00
205,Restaurant_205,Mumbai,9:00-21:00
206,Restaurant_206,Mumbai,9:00-23:00
207,Restaurant_207,Delhi,11:00-21:00
208,Restaurant_208,Kolkata,10:00-23:00
209,Restaurant_209,Hyderabad,10:00-22:00
210,Restaurant_210,Chennai,10:00-21:00
211,Restaurant_211,Ahmedabad,10:00-21:00
212,Restaurant_212,Hyderabad,11:00-23:00
213,Restaurant_213,Pune,10:00-22:00
214,Restaurant_214,Jaipur,11:00-21:00
215,Restaurant_215,Delhi,11:00-22:00
216,Restaurant_216,Kolkata,11:00-22:00
217,Restaurant_217,Chennai,9:00-23:00
218,Restaurant_218,Hyderabad,11:00-23:00
219,Restaurant_219,Ahmedabad,10:00-23:00
220,Restaurant_220,Bangalore,9:00-21:00
221,Restaurant_221,Hyderabad,11:00-21:00
222,Restaurant_222,Delhi,10:00-23:00
223,Restaurant_223,Mumbai,11:00-23:00
224,Restaurant_224,Chennai,10:00-21:00
225,Restaurant_225,Bangalore,9:00-21:00
226,Restaurant_226,Lucknow,11:00-21:00
227,Restaurant_227,Bangalore,10:00-21:00
228,Restaurant_228,Ahmedabad,11:00-21:00
229,Restaurant_229,Hyderabad,9:00-23:00
230,Restaurant_230,Chennai,11:00-21:00
231,Restaurant_231,Chennai,9:00-21:00
232,Restaurant_232,Ahmedabad,9:00-21:00
233,Restaurant_233,Kolkata,9:00-22:00
234,Restaurant_234,Kolkata,9:00-21:00
235,Restaurant_235,Chennai,11:00-22:00
236,Restaurant_236,Pune,10:00-23:00
237,Restaurant_237,Ahmedabad,11:00-21:00
238,Restaurant_238,Delhi,10:00-23:00
239,Restaurant_239,Ahmedabad,9:00-23:00
240,Restaurant_240,Kolkata,10:00-23:00
241,Restaurant_241,Chennai,9:00-21:00
242,Restaurant_242,Hyderabad,11:00-23:00
243,Restaurant_243,Delhi,10:00-23:00
244,Restaurant_244,Delhi,9:00-22:00
245,Restaurant_245,Bangalore,10:00-22:00
246,Restaurant_246,Ahmedabad,9:00-21:00
247,Restaurant_247,Chennai,9:00-23:00
248,Restaurant_248,Delhi,9:00-21:00
249,Restaurant_249,Delhi,9:00-22:00
250,Restaurant_250,Jaipur,10:00-22:00
251,Restaurant_251,Bangalore,9:00-22:00
252,Restaurant_252,Delhi,10:00-23:00
253,Restaurant_253,Hyderabad,10:00-22:00
254,Restaurant_254,Pune,10:00-22:00
255,Restaurant_255,Jaipur,11:00-21:00
256,Restaurant_256,Kolkata,9:00-23:00
257,Restaurant_257,Bangalore,10:00-22:00
258,Restaurant_258,Lucknow,10:00-21:00
259,Restaurant_259,Delhi,11:00-21:00
260,Restaurant_260,Bangalore,9:00-23:00
261,Restaurant_261,Kolkata,11:00-21:00
262,Restaurant_262,Chennai,11:00-22:00
263,Restaurant_263,Delhi,10:00-23:00
264,Restaurant_264,Jaipur,11:00-21:00
265,Restaurant_265,Hyderabad,11:00-23:00
266,Restaurant_266,Kolkata,10:00-22:00
267,Restaurant_267,Lucknow,10:00-23:00
268,Restaurant_268,Ahmedabad,10:00-22:00
269,Restaurant_269,Mumbai,10:00-22:00
270,Restaurant_270,Hyderabad,10:00-22:00
271,Restaurant_271,Ahmedabad,11:00-22:00
272,Restaurant_272,Delhi,11:00-23:00
273,Restaurant_273,Chennai,11:00-21:00
274,Restaurant_274,Pune,9:00-23:00
275,Restaurant_275,Delhi,11:00-22:00
276,Restaurant_276,Hyderabad,9:00-21:00
277,Restaurant_277,Ahmedabad,9:00-21:00
278,Restaurant_278,Chennai,11:00-22:00
279,Restaurant_279,Delhi,10:00-21:00
280,Restaurant_280,Chennai,10:00-21:00
281,Restaurant_281,Lucknow,11:00-21:00
282,Restaurant_282,Hyderabad,9:00-21:00
283,Restaurant_283,Mumbai,11:00-22:00
284,Restaurant_284,Mumbai,10:00-22:00
285,Restaurant_285,Bangalore,9:00-23:00
286,Restaurant_286,Bangalore,9:00-22:00
287,Restaurant_287,Bangalore,11:00-22:00
288,Restaurant_288,Mumbai,11:00-23:00
289,Restaurant_289,Pune,9:00-22:00
290,Restaurant_290,Bangalore,10:00-21:00
291,Restaurant_291,Mumbai,10:00-22:00
292,Restaurant_292,Bangalore,11:00-22:00
293,Restaurant_293,Mumbai,9:00-23:00
294,Restaurant_294,Pune,10:00-23:00
295,Restaurant_295,Pune,11:00-23:00
296,Restaurant_296,Pune,9:00-21:00
297,Restaurant_297,Kolkata,9:00-23:00
298,Restaurant_298,Lucknow,10:00-21:00
299,Restaurant_299,Ahmedabad,9:00-21:00
300,Restaurant_300,Chennai,11:00-23:00
301,Restaurant_301,Ahmedabad,9:00-23:00
302,Restaurant_302,Jaipur,11:00-21:00
303,Restaurant_303,Ahmedabad,9:00-21:00
304,Restaurant_304,Bangalore,10:00-21:00
305,Restaurant_305,Jaipur,10:00-21:00
306,Restaurant_306,Chennai,10:00-21:00
307,Restaurant_307,Jaipur,10:00-23:00
308,Restaurant_308,Kolkata,11:00-22:00
309,Restaurant_309,Ahmedabad,10:00-21:00
310,Restaurant_310,Bangalore,9:00-21:00
311,Restaurant_311,Ahmedabad,9:00-23:00
312,Restaurant_312,Jaipur,9:00-23:00
313,Restaurant_313,Mumbai,9:00-21:00
314,Restaurant_314,Chennai,11:00-21:00
315,Restaurant_315,Pune,11:00-22:00
316,Restaurant_316,Bangalore,11:00-21:00
317,Restaurant_317,Mumbai,9:00-23:00
318,Restaurant_318,Hyderabad,11:00-22:00
319,Restaurant_319,Mumbai,9:00-22:00
320,Restaurant_320,Pune,9:00-21:00
321,Restaurant_321,Delhi,10:00-22:00
322,Restaurant_322,Chennai,11:00-21:00
323,Restaurant_323,Lucknow,11:00-21:00
324,Restaurant_324,Chennai,10:00-22:00
325,Restaurant_325,Mumbai,10:00-21:00
326,Restaurant_326,Chennai,10:00-22:00
327,Restaurant_327,Bangalore,9:00-23:00
328,Restaurant_328,Bangalore,10:00-21:00
329,Restaurant_329,Kolkata,10:00-23:00
330,Restaurant_330,Jaipur,10:00-22:00
331,Restaurant_331,Bangalore,10:00-23:00
332,Restaurant_332,Jaipur,11:00-23:00
333,Restaurant_333,Bangalore,9:00-21:00
334,Restaurant_334,Delhi,11:00-22:00
335,Restaurant_335,Pune,10:00-22:00
336,Restaurant_336,Bangalore,10:00-21:00
337,Restaurant_337,Chennai,9:00-23:00
338,Restaurant_338,Lucknow,9:00-21:00
339,Restaurant_339,Delhi,11:00-21:00
340,Restaurant_340,Delhi,9:00-21:00
341,Restaurant_341,Chennai,9:00-23:00
342,Restaurant_342,Mumbai,9:00-22:00
343,Restaurant_343,Lucknow,10:00-23:00
344,Restaurant_344,Ahmedabad,9:00-22:00
345,Restaurant_345,Lucknow,11:00-22:00
346,Restaurant_346,Pune,11:00-22:00
347,Restaurant_347,Kolkata,10:00-23:00
348,Restaurant_348,Lucknow,11:00-22:00
349,Restaurant_349,Hyderabad,11:00-23:00
350,Restaurant_350,Mumbai,11:00-23:00
351,Restaurant_351,Hyderabad,10:00-21:00
352,Restaurant_352,Pune,11:00-21:00
353,Restaurant_353,Chennai,11:00-22:00
354,Restaurant_354,Delhi,9:00-22:00
355,Restaurant_355,Mumbai,10:00-23:00
356,Restaurant_356,Bangalore,10:00-21:00
357,Restaurant_357,Bangalore,11:00-23:00
358,Restaurant_358,Delhi,9:00-22:00
359,Restaurant_359,Kolkata,9:00-21:00
360,Restaurant_360,Delhi,11:00-23:00
361,Restaurant_361,Pune,9:00-23:00
362,Restaurant_362,Ahmedabad,11:00-23:00
363,Restaurant_363,Mumbai,11:00-21:00
364,Restaurant_364,Lucknow,11:00-23:00
365,Restaurant_365,Hyderabad,9:00-22:00
366,Restaurant_366,Mumbai,9:00-21:00
367,Restaurant_367,Bangalore,11:00-22:00
368,Restaurant_368,Kolkata,11:00-23:00
369,Restaurant_369,Pune,10:00-23:00
370,Restaurant_370,Delhi,11:00-23:00
371,Restaurant_371,Chennai,10:00-22:00
372,Restaurant_372,Delhi,9:00-22:00
373,Restaurant_373,Lucknow,10:00-23:00
374,Restaurant_374,Kolkata,11:00-23:00
375,Restaurant_375,Chennai,10:00-22:00
376,Restaurant_376,Chennai,9:00-21:00
377,Restaurant_377,Delhi,10:00-23:00
378,Restaurant_378,Delhi,11:00-21:00
379,Restaurant_379,Chennai,9:00-22:00
380,Restaurant_380,Pune,10:00-23:00
381,Restaurant_381,Mumbai,10:00-22:00
382,Restaurant_382,Mumbai,9:00-21:00
383,Restaurant_383,Mumbai,9:00-21:00
384,Restaurant_384,Delhi,9:00-23:00
385,Restaurant_385,Lucknow,11:00-21:00
386,Restaurant_386,Kolkata,10:00-23:00
387,Restaurant_387,Jaipur,9:00-23:00
388,Restaurant_388,Hyderabad,11:00-22:00
389,Restaurant_389,Mumbai,9:00-21:00
390,Restaurant_390,Bangalore,11:00-21:00
391,Restaurant_391,Mumbai,11:00-22:00
392,Restaurant_392,Mumbai,9:00-22:00
393,Restaurant_393,Hyderabad,9:00-21:00
394,Restaurant_394,Ahmedabad,11:00-22:00
395,Restaurant_395,Bangalore,11:00-21:00
396,Restaurant_396,Chennai,10:00-21:00
397,Restaurant_397,Pune,9:00-22:00
398,Restaurant_398,Ahmedabad,11:00-21:00
399,Restaurant_399,Kolkata,10:00-22:00
400,Restaurant_400,Lucknow,9:00-23:00
401,Restaurant_401,Bangalore,11:00-23:00
402,Restaurant_402,Kolkata,9:00-23:00
403,Restaurant_403,Jaipur,10:00-21:00
404,Restaurant_404,Kolkata,10:00-22:00
405,Restaurant_405,Delhi,10:00-22:00
406,Restaurant_406,Hyderabad,11:00-23:00
407,Restaurant_407,Hyderabad,10:00-22:00
408,Restaurant_408,Bangalore,11:00-21:00
409,Restaurant_409,Jaipur,11:00-22:00
410,Restaurant_410,Delhi,10:00-22:00
411,Restaurant_411,Jaipur,9:00-21:00
412,Restaurant_412,Pune,9:00-22:00
413,Restaurant_413,Jaipur,10:00-23:00
414,Restaurant_414,Lucknow,9:00-22:00
415,Restaurant_415,Bangalore,9:00-23:00
416,Restaurant_416,Ahmedabad,9:00-23:00
417,Restaurant_417,Lucknow,11:00-23:00
418,Restaurant_418,Lucknow,11:00-23:00
419,Restaurant_419,Chennai,9:00-23:00
420,Restaurant_420,Pune,10:00-23:00
421,Restaurant_421,Pune,11:00-23:00
422,Restaurant_422,Jaipur,10:00-22:00
423,Restaurant_423,Bangalore,10:00-23:00
424,Restaurant_424,Mumbai,10:00-22:00
425,Restaurant_425,Delhi,10:00-22:00
426,Restaurant_426,Ahmedabad,11:00-21:00
427,Restaurant_427,Bangalore,10:00-22:00
428,Restaurant_428,Delhi,9:00-23:00
429,Restaurant_429,Kolkata,10:00-23:00
430,Restaurant_430,Jaipur,10:00-23:00
431,Restaurant_431,Hyderabad,11:00-21:00
432,Restaurant_432,Lucknow,10:00-21:00
433,Restaurant_433,Lucknow,9:00-21:00
434,Restaurant_434,Hyderabad,10:00-23:00
435,Restaurant_435,Kolkata,11:00-21:00
436,Restaurant_436,Jaipur,9:00-22:00
437,Restaurant_437,Ahmedabad,11:00-22:00
438,Restaurant_438,Pune,10:00-22:00
439,Restaurant_439,Chennai,9:00-21:00
440,Restaurant_440,Hyderabad,10:00-21:00
441,Restaurant_441,Lucknow,10:00-21:00
442,Restaurant_442,Ahmedabad,9:00-22:00
443,Restaurant_443,Hyderabad,9:00-22:00
444,Restaurant_444,Delhi,10:00-22:00
445,Restaurant_445,Jaipur,10:00-21:00
446,Restaurant_446,Bangalore,9:00-22:00
447,Restaurant_447,Mumbai,9:00-22:00
448,Restaurant_448,Pune,10:00-23:00
449,Restaurant_449,Pune,11:00-23:00
450,Restaurant_450,Delhi,9:00-23:00
451,Restaurant_451,Lucknow,10:00-23:00
452,Restaurant_452,Ahmedabad,11:00-23:00
453,Restaurant_453,Hyderabad,10:00-22:00
454,Restaurant_454,Delhi,11:00-23:00
455,Restaurant_455,Bangalore,9:00-23:00
456,Restaurant_456,Lucknow,11:00-23:00
457,Restaurant_457,Chennai,11:00-21:00
458,Restaurant_458,Hyderabad,9:00-21:00
459,Restaurant_459,Hyderabad,9:00-23:00
460,Restaurant_460,Kolkata,9:00-21:00
461,Restaurant_461,Chennai,10:00-23:00
462,Restaurant_462,Chennai,11:00-22:00
463,Restaurant_463,Jaipur,11:00-21:00
464,Restaurant_464,Kolkata,9:00-22:00
465,Restaurant_465,Ahmedabad,10:00-21:00
466,Restaurant_466,Jaipur,9:00-22:00
467,Restaurant_467,Kolkata,9:00-23:00
468,Restaurant_468,Bangalore,9:00-23:00
469,Restaurant_469,Jaipur,10:00-21:00
470,Restaurant_470,Kolkata,10:00-21:00
471,Restaurant_471,Lucknow,11:00-22:00
472,Restaurant_472,Kolkata,11:00-21:00
473,Restaurant_473,Ahmedabad,10:00-21:00
474,Restaurant_474,Mumbai,9:00-23:00
475,Restaurant_475,Chennai,10:00-21:00
476,Restaurant_476,Ahmedabad,11:00-21:00
477,Restaurant_477,Chennai,11:00-22:00
478,Restaurant_478,Ahmedabad,11:00-21:00
479,Restaurant_479,Jaipur,10:00-21:00
480,Restaurant_480,Lucknow,10:00-21:00
481,Restaurant_481,Ahmedabad,11:00-21:00
482,Restaurant_482,Kolkata,9:00-22:00
483,Restaurant_483,Mumbai,11:00-23:00
484,Restaurant_484,Lucknow,11:00-22:00
485,Restaurant_485,Hyderabad,10:00-21:00
486,Restaurant_486,Pune,10:00-21:00
487,Restaurant_487,Ahmedabad,11:00-23:00
488,Restaurant_488,Chennai,11:00-21:00
489,Restaurant_489,Jaipur,11:00-23:00
490,Restaurant_490,Bangalore,9:00-22:00
491,Restaurant_491,Jaipur,10:00-21:00
492,Restaurant_492,Kolkata,9:00-23:00
493,Restaurant_493,Delhi,9:00-23:00
494,Restaurant_494,Lucknow,10:00-23:00
495,Restaurant_495,Chennai,9:00-23:00
496,Restaurant_496,Hyderabad,9:00-21:00
497,Restaurant_497,Hyderabad,9:00-21:00
498,Restaurant_498,Mumbai,11:00-21:00
499,Restaurant_499,Ahmedabad,10:00-21:00
500,Restaurant_500,Bangalore,10:00-21:00
501,Restaurant_501,Bangalore,11:00-21:00
502,Restaurant_502,Delhi,9:00-22:00
503,Restaurant_503,Delhi,11:00-21:00
504,Restaurant_504,Delhi,9:00-23:00
505,Restaurant_505,Delhi,11:00-21:00
506,Restaurant_506,Hyderabad,10:00-21:00
507,Restaurant_507,Delhi,9:00-21:00
508,Restaurant_508,Delhi,9:00-23:00
509,Restaurant_509,Pune,11:00-23:00
510,Restaurant_510,Hyderabad,10:00-21:00
511,Restaurant_511,Pune,9:00-23:00
512,Restaurant_512,Lucknow,11:00-21:00
513,Restaurant_513,Kolkata,10:00-23:00
514,Restaurant_514,Jaipur,9:00-22:00
515,Restaurant_515,Bangalore,10:00-21:00
516,Restaurant_516,Jaipur,11:00-21:00
517,Restaurant_517,Ahmedabad,11:00-22:00
518,Restaurant_518,Mumbai,10:00-23:00
519,Restaurant_519,Kolkata,9:00-23:00
520,Restaurant_520,Jaipur,10:00-22:00
521,Restaurant_521,Mumbai,9:00-23:00
522,Restaurant_522,Pune,11:00-22:00
523,Restaurant_523,Jaipur,11:00-22:00
524,Restaurant_524,Ahmedabad,11:00-22:00
525,Restaurant_525,Lucknow,11:00-21:00
526,Restaurant_526,Lucknow,9:00-23:00
527,Restaurant_527,Kolkata,11:00-23:00
528,Restaurant_528,Lucknow,11:00-21:00
529,Restaurant_529,Ahmedabad,9:00-23:00
530,Restaurant_530,Lucknow,11:00-22:00
531,Restaurant_531,Lucknow,11:00-22:00
532,Restaurant_532,Ahmedabad,11:00-21:00
533,Restaurant_533,Delhi,11:00-23:00
534,Restaurant_534,Delhi,9:00-21:00
535,Restaurant_535,Lucknow,11:00-21:00
536,Restaurant_536,Ahmedabad,11:00-23:00
537,Restaurant_537,Pune,11:00-22:00
538,Restaurant_538,Hyderabad,9:00-21:00
539,Restaurant_539,Hyderabad,11:00-23:00
540,Restaurant_540,Chennai,11:00-21:00
541,Restaurant_541,Ahmedabad,11:00-21:00
542,Restaurant_542,Lucknow,10:00-21:00
543,Restaurant_543,Chennai,9:00-22:00
544,Restaurant_544,Lucknow,9:00-23:00
545,Restaurant_545,Kolkata,10:00-23:00
546,Restaurant_546,Hyderabad,11:00-23:00
547,Restaurant_547,Ahmedabad,9:00-21:00
548,Restaurant_548,Delhi,10:00-22:00
549,Restaurant_549,Chennai,9:00-23:00
550,Restaurant_550,Chennai,9:00-23:00
551,Restaurant_551,Kolkata,9:00-22:00
552,Restaurant_552,Mumbai,11:00-21:00
553,Restaurant_553,Lucknow,9:00-22:00
554,Restaurant_554,Mumbai,11:00-22:00
555,Restaurant_555,Mumbai,9:00-23:00
556,Restaurant_556,Pune,9:00-22:00
557,Restaurant_557,Lucknow,10:00-21:00
558,Restaurant_558,Lucknow,10:00-22:00
559,Restaurant_559,Bangalore,11:00-22:00
560,Restaurant_560,Hyderabad,10:00-21:00
561,Restaurant_561,Jaipur,9:00-23:00
562,Restaurant_562,Chennai,9:00-22:00
563,Restaurant_563,Ahmedabad,11:00-22:00
564,Restaurant_564,Chennai,9:00-22:00
565,Restaurant_565,Delhi,11:00-21:00
566,Restaurant_566,Delhi,11:00-22:00
567,Restaurant_567,Mumbai,11:00-21:00
568,Restaurant_568,Kolkata,9:00-23:00
569,Restaurant_569,Kolkata,10:00-22:00
570,Restaurant_570,Kolkata,10:00-21:00
571,Restaurant_571,Ahmedabad,11:00-23:00
572,Restaurant_572,Pune,10:00-23:00
573,Restaurant_573,Delhi,9:00-22:00
574,Restaurant_574,Ahmedabad,11:00-23:00
575,Restaurant_575,Bangalore,10:00-23:00
576,Restaurant_576,Jaipur,11:00-22:00
577,Restaurant_577,Hyderabad,11:00-22:00
578,Restaurant_578,Mumbai,11:00-21:00
579,Restaurant_579,Hyderabad,10:00-23:00
580,Restaurant_580,Chennai,11:00-21:00
581,Restaurant_581,Pune,10:00-21:00
582,Restaurant_582,Ahmedabad,9:00-23:00
583,Restaurant_583,Pune,11:00-23:00
584,Restaurant_584,Lucknow,11:00-22:00
585,Restaurant_585,Bangalore,9:00-21:00
586,Restaurant_586,Pune,10:00-21:00
587,Restaurant_587,Ahmedabad,10:00-22:00
588,Restaurant_588,Lucknow,9:00-23:00
589,Restaurant_589,Pune,10:00-22:00
590,Restaurant_590,Lucknow,10:00-23:00
591,Restaurant_591,Mumbai,10:00-22:00
592,Restaurant_592,Ahmedabad,10:00-23:00
593,Restaurant_593,Bangalore,9:00-22:00
594,Restaurant_594,Chennai,9:00-23:00
595,Restaurant_595,Ahmedabad,11:00-23:00
596,Restaurant_596,Pune,9:00-22:00
597,Restaurant_597,Bangalore,10:00-21:00
598,Restaurant_598,Lucknow,10:00-23:00
599,Restaurant_599,Delhi,10:00-21:00
600,Restaurant_600,Kolkata,11:00-23:00
601,Restaurant_601,Mumbai,9:00-23:00
602,Restaurant_602,Chennai,9:00-22:00
603,Restaurant_603,Pune,11:00-21:00
604,Restaurant_604,Kolkata,9:00-22:00
605,Restaurant_605,Mumbai,9:00-21:00
606,Restaurant_606,Kolkata,10:00-23:00
607,Restaurant_607,Jaipur,9:00-21:00
608,Restaurant_608,Delhi,10:00-23:00
609,Restaurant_609,Pune,10:00-23:00
610,Restaurant_610,Pune,10:00-21:00
611,Restaurant_611,Bangalore,10:00-23:00
612,Restaurant_612,Ahmedabad,11:00-22:00
613,Restaurant_613,Chennai,10:00-21:00
614,Restaurant_614,Pune,11:00-23:00
615,Restaurant_615,Lucknow,9:00-21:00
616,Restaurant_616,Chennai,9:00-21:00
617,Restaurant_617,Hyderabad,9:00-22:00
618,Restaurant_618,Jaipur,10:00-21:00
619,Restaurant_619,Jaipur,9:00-23:00
620,Restaurant_620,Jaipur,9:00-23:00
621,Restaurant_621,Ahmedabad,11:00-22:00
622,Restaurant_622,Pune,11:00-21:00
623,Restaurant_623,Jaipur,9:00-22:00
624,Restaurant_624,Lucknow,9:00-21:00
625,Restaurant_625,Bangalore,11:00-22:00
626,Restaurant_626,Hyderabad,10:00-22:00
627,Restaurant_627,Mumbai,9:00-23:00
628,Restaurant_628,Kolkata,11:00-21:00
629,Restaurant_629,Delhi,10:00-21:00
630,Restaurant_630,Ahmedabad,11:00-22:00
631,Restaurant_631,Bangalore,11:00-23:00
632,Restaurant_632,Pune,11:00-22:00
633,Restaurant_633,Chennai,9:00-23:00
634,Restaurant_634,Kolkata,11:00-21:00
635,Restaurant_635,Ahmedabad,9:00-21:00
636,Restaurant_636,Jaipur,10:00-21:00
637,Restaurant_637,Chennai,11:00-22:00
638,Restaurant_638,Delhi,9:00-22:00
639,Restaurant_639,Hyderabad,11:00-21:00
640,Restaurant_640,Bangalore,11:00-23:00
641,Restaurant_641,Hyderabad,10:00-22:00
642,Restaurant_642,Kolkata,9:00-22:00
643,Restaurant_643,Lucknow,10:00-21:00
644,Restaurant_644,Jaipur,10:00-22:00
645,Restaurant_645,Ahmedabad,11:00-22:00
646,Restaurant_646,Kolkata,10:00-21:00
647,Restaurant_647,Chennai,10:00-23:00
648,Restaurant_648,Kolkata,9:00-22:00
649,Restaurant_649,Chennai,10:00-23:00
650,Restaurant_650,Pune,10:00-22:00
651,Restaurant_651,Ahmedabad,10:00-23:00
652,Restaurant_652,Mumbai,10:00-23:00
653,Restaurant_653,Lucknow,10:00-23:00
654,Restaurant_654,Jaipur,10:00-23:00
655,Restaurant_655,Kolkata,9:00-22:00
656,Restaurant_656,Bangalore,9:00-23:00
657,Restaurant_657,Mumbai,10:00-23:00
658,Restaurant_658,Lucknow,11:00-22:00
659,Restaurant_659,Chennai,9:00-23:00
660,Restaurant_660,Pune,10:00-22:00
661,Restaurant_661,Mumbai,11:00-23:00
662,Restaurant_662,Lucknow,10:00-23:00
663,Restaurant_663,Jaipur,11:00-23:00
664,Restaurant_664,Delhi,10:00-21:00
665,Restaurant_665,Ahmedabad,9:00-21:00
666,Restaurant_666,Ahmedabad,11:00-22:00
667,Restaurant_667,Chennai,11:00-23:00
668,Restaurant_668,Bangalore,10:00-22:00
669,Restaurant_669,Ahmedabad,9:00-21:00
670,Restaurant_670,Kolkata,9:00-21:00
671,Restaurant_671,Bangalore,10:00-21:00
672,Restaurant_672,Bangalore,10:00-21:00
673,Restaurant_673,Mumbai,11:00-22:00
674,Restaurant_674,Lucknow,11:00-21:00
675,Restaurant_675,Kolkata,9:00-21:00
676,Restaurant_676,Lucknow,9:00-22:00
677,Restaurant_677,Lucknow,10:00-22:00
678,Restaurant_678,Bangalore,9:00-22:00
679,Restaurant_679,Chennai,9:00-22:00
680,Restaurant_680,Bangalore,10:00-23:00
681,Restaurant_681,Mumbai,10:00-22:00
682,Restaurant_682,Ahmedabad,9:00-22:00
683,Restaurant_683,Hyderabad,10:00-21:00
684,Restaurant_684,Lucknow,9:00-21:00
685,Restaurant_685,Bangalore,11:00-22:00
686,Restaurant_686,Lucknow,9:00-21:00
687,Restaurant_687,Pune,10:00-23:00
688,Restaurant_688,Pune,9:00-23:00
689,Restaurant_689,Mumbai,11:00-23:00
690,Restaurant_690,Lucknow,9:00-21:00
691,Restaurant_691,Ahmedabad,9:00-22:00
692,Restaurant_692,Lucknow,9:00-23:00
693,Restaurant_693,Lucknow,10:00-23:00
694,Restaurant_694,Jaipur,9:00-23:00
695,Restaurant_695,Jaipur,11:00-21:00
696,Restaurant_696,Jaipur,11:00-21:00
697,Restaurant_697,Hyderabad,10:00-23:00
698,Restaurant_698,Kolkata,9:00-21:00
699,Restaurant_699,Mumbai,9:00-23:00
700,Restaurant_700,Pune,11:00-22:00
701,Restaurant_701,Ahmedabad,9:00-21:00
702,Restaurant_702,Hyderabad,9:00-23:00
703,Restaurant_703,Hyderabad,9:00-21:00
704,Restaurant_704,Hyderabad,10:00-23:00
705,Restaurant_705,Hyderabad,11:00-21:00
706,Restaurant_706,Kolkata,10:00-23:00
707,Restaurant_707,Mumbai,9:00-21:00
708,Restaurant_708,Ahmedabad,11:00-21:00
709,Restaurant_709,Kolkata,10:00-23:00
710,Restaurant_710,Kolkata,11:00-22:00
711,Restaurant_711,Pune,10:00-23:00
712,Restaurant_712,Lucknow,11:00-21:00
713,Restaurant_713,Chennai,9:00-23:00
714,Restaurant_714,Chennai,11:00-21:00
715,Restaurant_715,Hyderabad,9:00-22:00
716,Restaurant_716,Mumbai,9:00-22:00
717,Restaurant_717,Lucknow,11:00-23:00
718,Restaurant_718,Chennai,9:00-22:00
719,Restaurant_719,Kolkata,11:00-22:00
720,Restaurant_720,Bangalore,11:00-21:00
721,Restaurant_721,Kolkata,9:00-22:00
722,Restaurant_722,Pune,11:00-22:00
723,Restaurant_723,Jaipur,10:00-22:00
724,Restaurant_724,Kolkata,9:00-21:00
725,Restaurant_725,Lucknow,10:00-23:00
726,Restaurant_726,Mumbai,9:00-22:00
727,Restaurant_727,Delhi,11:00-23:00
728,Restaurant_728,Hyderabad,11:00-22:00
729,Restaurant_729,Lucknow,10:00-22:00
730,Restaurant_730,Lucknow,11:00-21:00
731,Restaurant_731,Chennai,11:00-22:00
732,Restaurant_732,Ahmedabad,11:00-22:00
733,Restaurant_733,Mumbai,10:00-22:00
734,Restaurant_734,Delhi,10:00-22:00
735,Restaurant_735,Pune,11:00-23:00
736,Restaurant_736,Lucknow,11:00-22:00
737,Restaurant_737,Kolkata,9:00-22:00
738,Restaurant_738,Hyderabad,11:00-22:00
739,Restaurant_739,Ahmedabad,10:00-21:00
740,Restaurant_740,Pune,10:00-21:00
741,Restaurant_741,Bangalore,11:00-22:00
742,Restaurant_742,Mumbai,9:00-21:00
743,Restaurant_743,Hyderabad,11:00-22:00
744,Restaurant_744,Chennai,9:00-22:00
745,Restaurant_745,Hyderabad,9:00-23:00
746,Restaurant_746,Lucknow,10:00-23:00
747,Restaurant_747,Ahmedabad,10:00-23:00
748,Restaurant_748,Mumbai,11:00-21:00
749,Restaurant_749,Lucknow,9:00-22:00
750,Restaurant_750,Delhi,9:00-21:00
751,Restaurant_751,Chennai,10:00-22:00
752,Restaurant_752,Kolkata,10:00-22:00
753,Restaurant_753,Jaipur,10:00-22:00
754,Restaurant_754,Pune,9:00-22:00
755,Restaurant_755,Kolkata,11:00-23:00
756,Restaurant_756,Pune,11:00-23:00
757,Restaurant_757,Bangalore,9:00-21:00
758,Restaurant_758,Bangalore,9:00-23:00
759,Restaurant_759,Bangalore,10:00-23:00
760,Restaurant_760,Jaipur,9:00-22:00
761,Restaurant_761,Lucknow,11:00-22:00
762,Restaurant_762,Kolkata,10:00-21:00
763,Restaurant_763,Chennai,11:00-22:00
764,Restaurant_764,Ahmedabad,11:00-22:00
765,Restaurant_765,Lucknow,10:00-21:00
766,Restaurant_766,Mumbai,9:00-21:00
767,Restaurant_767,Pune,11:00-23:00
768,Restaurant_768,Ahmedabad,9:00-21:00
769,Restaurant_769,Lucknow,11:00-21:00
770,Restaurant_770,Jaipur,10:00-21:00
771,Restaurant_771,Hyderabad,9:00-21:00
772,Restaurant_772,Ahmedabad,9:00-23:00
773,Restaurant_773,Jaipur,10:00-21:00
774,Restaurant_774,Pune,9:00-23:00
775,Restaurant_775,Hyderabad,10:00-21:00
776,Restaurant_776,Mumbai,10:00-21:00
777,Restaurant_777,Chennai,11:00-22:00
778,Restaurant_778,Delhi,9:00-22:00
779,Restaurant_779,Ahmedabad,10:00-23:00
780,Restaurant_780,Pune,10:00-21:00
781,Restaurant_781,Ahmedabad,10:00-21:00
782,Restaurant_782,Ahmedabad,9:00-21:00
783,Restaurant_783,Delhi,11:00-21:00
784,Restaurant_784,Bangalore,9:00-23:00
785,Restaurant_785,Jaipur,11:00-22:00
786,Restaurant_786,Hyderabad,9:00-22:00
787,Restaurant_787,Jaipur,10:00-22:00
788,Restaurant_788,Chennai,11:00-23:00
789,Restaurant_789,Lucknow,11:00-23:00
790,Restaurant_790,Delhi,11:00-21:00
791,Restaurant_791,Ahmedabad,10:00-22:00
792,Restaurant_792,Kolkata,10:00-23:00
793,Restaurant_793,Lucknow,11:00-22:00
794,Restaurant_794,Pune,10:00-21:00
795,Restaurant_795,Hyderabad,11:00-21:00
796,Restaurant_796,Mumbai,9:00-22:00
797,Restaurant_797,Chennai,9:00-22:00
798,Restaurant_798,Lucknow,9:00-23:00
799,Restaurant_799,Kolkata,9:00-21:00
800,Restaurant_800,Mumbai,10:00-21:00
801,Restaurant_801,Jaipur,9:00-22:00
802,Restaurant_802,Hyderabad,10:00-21:00
803,Restaurant_803,Pune,10:00-22:00
804,Restaurant_804,Chennai,11:00-23:00
805,Restaurant_805,Ahmedabad,10:00-22:00
806,Restaurant_806,Kolkata,11:00-21:00
807,Restaurant_807,Ahmedabad,11:00-23:00
808,Restaurant_808,Hyderabad,9:00-22:00
809,Restaurant_809,Pune,11:00-21:00
810,Restaurant_810,Bangalore,9:00-21:00
811,Restaurant_811,Bangalore,10:00-21:00
812,Restaurant_812,Hyderabad,9:00-21:00
813,Restaurant_813,Jaipur,9:00-21:00
814,Restaurant_814,Bangalore,11:00-23:00
815,Restaurant_815,Hyderabad,11:00-21:00
816,Restaurant_816,Hyderabad,11:00-23:00
817,Restaurant_817,Ahmedabad,11:00-21:00
818,Restaurant_818,Lucknow,9:00-23:00
819,Restaurant_819,Bangalore,10:00-23:00
820,Restaurant_820,Pune,9:00-23:00
821,Restaurant_821,Pune,11:00-21:00
822,Restaurant_822,Chennai,10:00-21:00
823,Restaurant_823,Lucknow,9:00-23:00
824,Restaurant_824,Lucknow,10:00-23:00
825,Restaurant_825,Pune,9:00-23:00
826,Restaurant_826,Jaipur,11:00-21:00
827,Restaurant_827,Bangalore,9:00-22:00
828,Restaurant_828,Bangalore,11:00-21:00
829,Restaurant_829,Hyderabad,9:00-21:00
830,Restaurant_830,Mumbai,11:00-22:00
831,Restaurant_831,Bangalore,9:00-21:00
832,Restaurant_832,Ahmedabad,9:00-21:00
833,Restaurant_833,Bangalore,10:00-23:00
834,Restaurant_834,Kolkata,11:00-23:00
835,Restaurant_835,Bangalore,10:00-22:00
836,Restaurant_836,Kolkata,10:00-23:00
837,Restaurant_837,Chennai,11:00-23:00
838,Restaurant_838,Hyderabad,11:00-21:00
839,Restaurant_839,Lucknow,9:00-21:00
840,Restaurant_840,Mumbai,10:00-22:00
841,Restaurant_841,Kolkata,10:00-22:00
842,Restaurant_842,Pune,9:00-23:00
843,Restaurant_843,Jaipur,10:00-22:00
844,Restaurant_844,Hyderabad,10:00-23:00
845,Restaurant_845,Delhi,11:00-22:00
846,Restaurant_846,Lucknow,9:00-23:00
847,Restaurant_847,Chennai,10:00-22:00
848,Restaurant_848,Pune,11:00-22:00
849,Restaurant_849,Chennai,10:00-22:00
850,Restaurant_850,Kolkata,10:00-22:00
851,Restaurant_851,Bangalore,11:00-21:00
852,Restaurant_852,Kolkata,11:00-22:00
853,Restaurant_853,Mumbai,10:00-21:00
854,Restaurant_854,Jaipur,10:00-21:00
855,Restaurant_855,Lucknow,9:00-23:00
856,Restaurant_856,Pune,10:00-23:00
857,Restaurant_857,Bangalore,11:00-22:00
858,Restaurant_858,Delhi,10:00-22:00
859,Restaurant_859,Pune,11:00-22:00
860,Restaurant_860,Hyderabad,11:00-23:00
861,Restaurant_861,Pune,10:00-21:00
862,Restaurant_862,Lucknow,10:00-22:00
863,Restaurant_863,Kolkata,10:00-23:00
864,Restaurant_864,Mumbai,11:00-23:00
865,Restaurant_865,Delhi,11:00-21:00
866,Restaurant_866,Bangalore,11:00-22:00
867,Restaurant_867,Pune,11:00-23:00
868,Restaurant_868,Chennai,9:00-22:00
869,Restaurant_869,Delhi,11:00-22:00
870,Restaurant_870,Lucknow,10:00-22:00
871,Restaurant_871,Bangalore,9:00-22:00
872,Restaurant_872,Jaipur,11:00-22:00
873,Restaurant_873,Jaipur,9:00-23:00
874,Restaurant_874,Jaipur,10:00-23:00
875,Restaurant_875,Pune,10:00-23:00
876,Restaurant_876,Jaipur,11:00-21:00
877,Restaurant_877,Jaipur,11:00-21:00
878,Restaurant_878,Chennai,10:00-21:00
879,Restaurant_879,Delhi,10:00-23:00
880,Restaurant_880,Pune,11:00-23:00
881,Restaurant_881,Chennai,10:00-21:00
882,Restaurant_882,Mumbai,11:00-22:00
883,Restaurant_883,Bangalore,9:00-23:00
884,Restaurant_884,Kolkata,10:00-22:00
885,Restaurant_885,Bangalore,9:00-21:00
886,Restaurant_886,Delhi,9:00-22:00
887,Restaurant_887,Lucknow,9:00-21:00
888,Restaurant_888,Lucknow,10:00-23:00
889,Restaurant_889,Ahmedabad,10:00-23:00
890,Restaurant_890,Jaipur,10:00-21:00
891,Restaurant_891,Jaipur,10:00-23:00
892,Restaurant_892,Jaipur,11:00-23:00
893,Restaurant_893,Ahmedabad,9:00-22:00
894,Restaurant_894,Ahmedabad,11:00-22:00
895,Restaurant_895,Hyderabad,10:00-23:00
896,Restaurant_896,Chennai,10:00-22:00
897,Restaurant_897,Pune,9:00-23:00
898,Restaurant_898,Chennai,10:00-22:00
899,Restaurant_899,Kolkata,11:00-21:00
900,Restaurant_900,Lucknow,9:00-22:00
901,Restaurant_901,Lucknow,10:00-22:00
902,Restaurant_902,Jaipur,9:00-23:00
903,Restaurant_903,Kolkata,9:00-21:00
904,Restaurant_904,Chennai,9:00-22:00
905,Restaurant_905,Pune,10:00-22:00
906,Restaurant_906,Hyderabad,9:00-21:00
907,Restaurant_907,Ahmedabad,10:00-23:00
908,Restaurant_908,Bangalore,11:00-23:00
909,Restaurant_909,Ahmedabad,11:00-21:00
910,Restaurant_910,Mumbai,11:00-21:00
911,Restaurant_911,Jaipur,11:00-23:00
912,Restaurant_912,Bangalore,10:00-23:00
913,Restaurant_913,Jaipur,10:00-21:00
914,Restaurant_914,Hyderabad,11:00-22:00
915,Restaurant_915,Kolkata,9:00-22:00
916,Restaurant_916,Jaipur,9:00-22:00
917,Restaurant_917,Delhi,10:00-22:00
918,Restaurant_918,Bangalore,11:00-21:00
919,Restaurant_919,Jaipur,10:00-22:00
920,Restaurant_920,Kolkata,11:00-21:00
921,Restaurant_921,Pune,11:00-23:00
922,Restaurant_922,Jaipur,11:00-23:00
923,Restaurant_923,Jaipur,9:00-21:00
924,Restaurant_924,Hyderabad,9:00-22:00
925,Restaurant_925,Pune,10:00-23:00
926,Restaurant_926,Chennai,9:00-21:00
927,Restaurant_927,Kolkata,9:00-21:00
928,Restaurant_928,Lucknow,11:00-23:00
929,Restaurant_929,Kolkata,9:00-21:00
930,Restaurant_930,Kolkata,11:00-22:00
931,Restaurant_931,Bangalore,10:00-22:00
932,Restaurant_932,Bangalore,11:00-21:00
933,Restaurant_933,Pune,9:00-23:00
934,Restaurant_934,Mumbai,10:00-21:00
935,Restaurant_935,Bangalore,11:00-23:00
936,Restaurant_936,Hyderabad,10:00-21:00
937,Restaurant_937,Kolkata,9:00-23:00
938,Restaurant_938,Bangalore,11:00-22:00
939,Restaurant_939,Lucknow,9:00-23:00
940,Restaurant_940,Ahmedabad,10:00-23:00
941,Restaurant_941,Lucknow,9:00-21:00
942,Restaurant_942,Mumbai,11:00-21:00
943,Restaurant_943,Pune,11:00-23:00
944,Restaurant_944,Jaipur,11:00-22:00
945,Restaurant_945,Hyderabad,11:00-21:00
946,Restaurant_946,Ahmedabad,10:00-23:00
947,Restaurant_947,Ahmedabad,10:00-23:00
948,Restaurant_948,Hyderabad,11:00-21:00
949,Restaurant_949,Pune,11:00-21:00
950,Restaurant_950,Ahmedabad,11:00-21:00
951,Restaurant_951,Pune,11:00-21:00
952,Restaurant_952,Delhi,9:00-22:00
953,Restaurant_953,Chennai,9:00-22:00
954,Restaurant_954,Mumbai,10:00-21:00
955,Restaurant_955,Ahmedabad,10:00-21:00
956,Restaurant_956,Lucknow,11:00-23:00
957,Restaurant_957,Ahmedabad,10:00-21:00
958,Restaurant_958,Kolkata,9:00-22:00
959,Restaurant_959,Chennai,11:00-22:00
960,Restaurant_960,Delhi,11:00-22:00
961,Restaurant_961,Jaipur,11:00-21:00
962,Restaurant_962,Lucknow,10:00-22:00
963,Restaurant_963,Lucknow,9:00-23:00
964,Restaurant_964,Jaipur,10:00-22:00
965,Restaurant_965,Pune,9:00-22:00
966,Restaurant_966,Chennai,9:00-22:00
967,Restaurant_967,Bangalore,10:00-22:00
968,Restaurant_968,Bangalore,10:00-21:00
969,Restaurant_969,Hyderabad,9:00-23:00
970,Restaurant_970,Ahmedabad,11:00-23:00
971,Restaurant_971,Lucknow,9:00-22:00
972,Restaurant_972,Chennai,9:00-21:00
973,Restaurant_973,Delhi,10:00-21:00
974,Restaurant_974,Mumbai,9:00-23:00
975,Restaurant_975,Lucknow,11:00-23:00
976,Restaurant_976,Ahmedabad,9:00-23:00
977,Restaurant_977,Delhi,9:00-21:00
978,Restaurant_978,Chennai,11:00-22:00
979,Restaurant_979,Bangalore,9:00-22:00
980,Restaurant_980,Ahmedabad,10:00-23:00
981,Restaurant_981,Ahmedabad,9:00-23:00
982,Restaurant_982,Bangalore,9:00-22:00
983,Restaurant_983,Ahmedabad,10:00-21:00
984,Restaurant_984,Ahmedabad,11:00-22:00
985,Restaurant_985,Lucknow,11:00-21:00
986,Restaurant_986,Kolkata,10:00-21:00
987,Restaurant_987,Bangalore,10:00-22:00
988,Restaurant_988,Bangalore,11:00-22:00
989,Restaurant_989,Pune,9:00-21:00
990,Restaurant_990,Pune,9:00-21:00
991,Restaurant_991,Lucknow,10:00-23:00
992,Restaurant_992,Chennai,10:00-21:00
993,Restaurant_993,Hyderabad,9:00-21:00
994,Restaurant_994,Hyderabad,10:00-22:00
995,Restaurant_995,Hyderabad,10:00-22:00
996,Restaurant_996,Delhi,10:00-21:00
997,Restaurant_997,Bangalore,10:00-21:00
998,Restaurant_998,Pune,9:00-23:00
999,Restaurant_999,Kolkata,9:00-22:00
1000,Restaurant_1000,Pune,11:00-23:00
1001,Restaurant_1001,Lucknow,10:00-21:00
1002,Restaurant_1002,Bangalore,10:00-23:00
1003,Restaurant_1003,Kolkata,11:00-22:00
1004,Restaurant_1004,Lucknow,10:00-21:00
1005,Restaurant_1005,Kolkata,10:00-21:00
1006,Restaurant_1006,Kolkata,10:00-21:00
1007,Restaurant_1007,Ahmedabad,10:00-22:00
1008,Restaurant_1008,Jaipur,10:00-23:00
1009,Restaurant_1009,Delhi,9:00-22:00
1010,Restaurant_1010,Chennai,9:00-22:00
1011,Restaurant_1011,Jaipur,9:00-21:00
1012,Restaurant_1012,Delhi,11:00-22:00
1013,Restaurant_1013,Pune,9:00-22:00
1014,Restaurant_1014,Ahmedabad,9:00-21:00
1015,Restaurant_1015,Kolkata,10:00-22:00
1016,Restaurant_1016,Ahmedabad,11:00-21:00
1017,Restaurant_1017,Bangalore,10:00-23:00
1018,Restaurant_1018,Bangalore,10:00-21:00
1019,Restaurant_1019,Bangalore,11:00-23:00
1020,Restaurant_1020,Hyderabad,10:00-22:00
1021,Restaurant_1021,Delhi,10:00-21:00
1022,Restaurant_1022,Lucknow,9:00-21:00
1023,Restaurant_1023,Lucknow,9:00-21:00
1024,Restaurant_1024,Hyderabad,11:00-23:00
1025,Restaurant_1025,Jaipur,11:00-22:00
1026,Restaurant_1026,Bangalore,9:00-21:00
1027,Restaurant_1027,Hyderabad,10:00-21:00
1028,Restaurant_1028,Hyderabad,10:00-21:00
1029,Restaurant_1029,Chennai,9:00-22:00
1030,Restaurant_1030,Mumbai,11:00-23:00
1031,Restaurant_1031,Delhi,10:00-23:00
1032,Restaurant_1032,Pune,10:00-21:00
1033,Restaurant_1033,Lucknow,11:00-21:00
1034,Restaurant_1034,Hyderabad,9:00-21:00
1035,Restaurant_1035,Hyderabad,11:00-23:00
1036,Restaurant_1036,Kolkata,9:00-22:00
1037,Restaurant_1037,Lucknow,10:00-22:00
1038,Restaurant_1038,Chennai,9:00-23:00
1039,Restaurant_1039,Hyderabad,9:00-22:00
1040,Restaurant_1040,Pune,11:00-22:00
1041,Restaurant_1041,Hyderabad,9:00-21:00
1042,Restaurant_1042,Mumbai,10:00-22:00
1043,Restaurant_1043,Pune,10:00-23:00
1044,Restaurant_1044,Chennai,9:00-22:00
1045,Restaurant_1045,Jaipur,10:00-23:00
1046,Restaurant_1046,Lucknow,11:00-22:00
1047,Restaurant_1047,Hyderabad,10:00-22:00
1048,Restaurant_1048,Mumbai,9:00-23:00
1049,Restaurant_1049,Lucknow,9:00-22:00
1050,Restaurant_1050,Ahmedabad,9:00-21:00
1051,Restaurant_1051,Lucknow,9:00-23:00
1052,Restaurant_1052,Ahmedabad,9:00-23:00
1053,Restaurant_1053,Mumbai,9:00-21:00
1054,Restaurant_1054,Delhi,10:00-23:00
1055,Restaurant_1055,Jaipur,11:00-22:00
1056,Restaurant_1056,Ahmedabad,10:00-22:00
1057,Restaurant_1057,Kolkata,9:00-23:00
1058,Restaurant_1058,Jaipur,9:00-22:00
1059,Restaurant_1059,Jaipur,11:00-23:00
1060,Restaurant_1060,Hyderabad,10:00-22:00
1061,Restaurant_1061,Kolkata,9:00-22:00
1062,Restaurant_1062,Mumbai,9:00-23:00
1063,Restaurant_1063,Delhi,10:00-22:00
1064,Restaurant_1064,Jaipur,11:00-21:00
1065,Restaurant_1065,Jaipur,9:00-21:00
1066,Restaurant_1066,Jaipur,11:00-23:00
1067,Restaurant_1067,Ahmedabad,11:00-21:00
1068,Restaurant_1068,Kolkata,11:00-21:00
1069,Restaurant_1069,Lucknow,11:00-23:00
1070,Restaurant_1070,Hyderabad,9:00-23:00
1071,Restaurant_1071,Lucknow,10:00-22:00
1072,Restaurant_1072,Pune,9:00-22:00
1073,Restaurant_1073,Jaipur,10:00-22:00
1074,Restaurant_1074,Chennai,11:00-23:00
1075,Restaurant_1075,Mumbai,10:00-21:00
1076,Restaurant_1076,Hyderabad,10:00-23:00
1077,Restaurant_1077,Lucknow,9:00-21:00
1078,Restaurant_1078,Chennai,9:00-21:00
1079,Restaurant_1079,Ahmedabad,10:00-23:00
1080,Restaurant_1080,Delhi,10:00-21:00
1081,Restaurant_1081,Ahmedabad,11:00-22:00
1082,Restaurant_1082,Bangalore,11:00-21:00
1083,Restaurant_1083,Mumbai,9:00-22:00
1084,Restaurant_1084,Bangalore,11:00-21:00
1085,Restaurant_1085,Kolkata,10:00-21:00
1086,Restaurant_1086,Lucknow,11:00-22:00
1087,Restaurant_1087,Chennai,11:00-22:00
1088,Restaurant_1088,Kolkata,9:00-21:00
1089,Restaurant_1089,Ahmedabad,11:00-21:00
1090,Restaurant_1090,Bangalore,11:00-22:00
1091,Restaurant_1091,Lucknow,10:00-21:00
1092,Restaurant_1092,Bangalore,10:00-22:00
1093,Restaurant_1093,Kolkata,10:00-23:00
1094,Restaurant_1094,Hyderabad,10:00-22:00
1095,Restaurant_1095,Mumbai,10:00-23:00
1096,Restaurant_1096,Bangalore,10:00-21:00
1097,Restaurant_1097,Ahmedabad,11:00-22:00
1098,Restaurant_1098,Delhi,11:00-23:00
1099,Restaurant_1099,Bangalore,11:00-21:00
1100,Restaurant_1100,Hyderabad,9:00-23:00
1101,Restaurant_1101,Lucknow,10:00-21:00
1102,Restaurant_1102,Hyderabad,10:00-23:00
1103,Restaurant_1103,Delhi,11:00-22:00
1104,Restaurant_1104,Mumbai,10:00-21:00
1105,Restaurant_1105,Lucknow,11:00-21:00
1106,Restaurant_1106,Jaipur,9:00-22:00
1107,Restaurant_1107,Mumbai,9:00-23:00
1108,Restaurant_1108,Ahmedabad,11:00-23:00
1109,Restaurant_1109,Pune,10:00-23:00
1110,Restaurant_1110,Lucknow,10:00-22:00
1111,Restaurant_1111,Mumbai,9:00-23:00
1112,Restaurant_1112,Jaipur,11:00-21:00
1113,Restaurant_1113,Bangalore,9:00-22:00
1114,Restaurant_1114,Mumbai,10:00-23:00
1115,Restaurant_1115,Bangalore,10:00-22:00
1116,Restaurant_1116,Lucknow,11:00-22:00
1117,Restaurant_1117,Bangalore,11:00-23:00
1118,Restaurant_1118,Bangalore,9:00-22:00
1119,Restaurant_1119,Lucknow,10:00-23:00
1120,Restaurant_1120,Ahmedabad,9:00-21:00
1121,Restaurant_1121,Delhi,11:00-21:00
1122,Restaurant_1122,Lucknow,11:00-22:00
1123,Restaurant_1123,Pune,11:00-22:00
1124,Restaurant_1124,Chennai,11:00-22:00
1125,Restaurant_1125,Mumbai,10:00-22:00
1126,Restaurant_1126,Kolkata,9:00-23:00
1127,Restaurant_1127,Bangalore,10:00-23:00
1128,Restaurant_1128,Ahmedabad,10:00-21:00
1129,Restaurant_1129,Lucknow,9:00-23:00
1130,Restaurant_1130,Hyderabad,9:00-21:00
1131,Restaurant_1131,Delhi,9:00-23:00
1132,Restaurant_1132,Mumbai,11:00-21:00
1133,Restaurant_1133,Ahmedabad,10:00-22:00
1134,Restaurant_1134,Jaipur,11:00-22:00
1135,Restaurant_1135,Lucknow,9:00-21:00
1136,Restaurant_1136,Chennai,10:00-22:00
1137,Restaurant_1137,Mumbai,10:00-21:00
1138,Restaurant_1138,Hyderabad,9:00-22:00
1139,Restaurant_1139,Chennai,9:00-23:00
1140,Restaurant_1140,Lucknow,9:00-23:00
1141,Restaurant_1141,Hyderabad,11:00-23:00
1142,Restaurant_1142,Chennai,10:00-21:00
1143,Restaurant_1143,Kolkata,11:00-22:00
1144,Restaurant_1144,Bangalore,9:00-22:00
1145,Restaurant_1145,Bangalore,11:00-21:00
1146,Restaurant_1146,Hyderabad,11:00-23:00
1147,Restaurant_1147,Delhi,9:00-23:00
1148,Restaurant_1148,Hyderabad,9:00-21:00
1149,Restaurant_1149,Ahmedabad,9:00-22:00
1150,Restaurant_1150,Ahmedabad,11:00-21:00
1151,Restaurant_1151,Bangalore,11:00-21:00
1152,Restaurant_1152,Kolkata,11:00-21:00
1153,Restaurant_1153,Mumbai,10:00-21:00
1154,Restaurant_1154,Ahmedabad,10:00-23:00
1155,Restaurant_1155,Bangalore,11:00-21:00
1156,Restaurant_1156,Hyderabad,11:00-22:00
1157,Restaurant_1157,Kolkata,10:00-22:00
1158,Restaurant_1158,Bangalore,11:00-23:00
1159,Restaurant_1159,Ahmedabad,9:00-23:00
1160,Restaurant_1160,Delhi,9:00-21:00
1161,Restaurant_1161,Kolkata,11:00-21:00
1162,Restaurant_1162,Kolkata,9:00-22:00
1163,Restaurant_1163,Mumbai,9:00-22:00
1164,Restaurant_1164,Kolkata,10:00-23:00
1165,Restaurant_1165,Hyderabad,10:00-21:00
1166,Restaurant_1166,Chennai,11:00-23:00
1167,Restaurant_1167,Mumbai,11:00-21:00
1168,Restaurant_1168,Delhi,11:00-23:00
1169,Restaurant_1169,Kolkata,11:00-22:00
1170,Restaurant_1170,Ahmedabad,11:00-22:00
1171,Restaurant_1171,Hyderabad,9:00-21:00
1172,Restaurant_1172,Kolkata,10:00-21:00
1173,Restaurant_1173,Mumbai,9:00-23:00
1174,Restaurant_1174,Mumbai,9:00-22:00
1175,Restaurant_1175,Jaipur,11:00-22:00
1176,Restaurant_1176,Kolkata,10:00-22:00
1177,Restaurant_1177,Ahmedabad,9:00-23:00
1178,Restaurant_1178,Hyderabad,9:00-22:00
1179,Restaurant_1179,Bangalore,11:00-23:00
1180,Restaurant_1180,Hyderabad,9:00-23:00
1181,Restaurant_1181,Delhi,11:00-22:00
1182,Restaurant_1182,Delhi,9:00-21:00
1183,Restaurant_1183,Ahmedabad,11:00-23:00
1184,Restaurant_1184,Mumbai,11:00-22:00
1185,Restaurant_1185,Pune,11:00-22:00
1186,Restaurant_1186,Jaipur,9:00-21:00
1187,Restaurant_1187,Delhi,10:00-21:00
1188,Restaurant_1188,Hyderabad,11:00-21:00
1189,Restaurant_1189,Kolkata,11:00-22:00
1190,Restaurant_1190,Hyderabad,11:00-21:00
1191,Restaurant_1191,Ahmedabad,11:00-22:00
1192,Restaurant_1192,Lucknow,10:00-22:00
1193,Restaurant_1193,Jaipur,11:00-21:00
1194,Restaurant_1194,Hyderabad,11:00-21:00
1195,Restaurant_1195,Lucknow,9:00-22:00
1196,Restaurant_1196,Ahmedabad,9:00-21:00
1197,Restaurant_1197,Mumbai,11:00-22:00
1198,Restaurant_1198,Jaipur,11:00-23:00
1199,Restaurant_1199,Jaipur,9:00-23:00
1200,Restaurant_1200,Chennai,11:00-23:00
1201,Restaurant_1201,Ahmedabad,10:00-21:00
1202,Restaurant_1202,Kolkata,11:00-22:00
1203,Restaurant_1203,Ahmedabad,11:00-23:00
1204,Restaurant_1204,Hyderabad,11:00-23:00
1205,Restaurant_1205,Ahmedabad,9:00-23:00
1206,Restaurant_1206,Chennai,11:00-23:00
1207,Restaurant_1207,Ahmedabad,11:00-21:00
1208,Restaurant_1208,Jaipur,9:00-23:00
1209,Restaurant_1209,Bangalore,10:00-23:00
1210,Restaurant_1210,Ahmedabad,11:00-23:00
1211,Restaurant_1211,Delhi,10:00-23:00
1212,Restaurant_1212,Jaipur,11:00-23:00
1213,Restaurant_1213,Jaipur,9:00-22:00
1214,Restaurant_1214,Lucknow,11:00-23:00
1215,Restaurant_1215,Pune,10:00-23:00
1216,Restaurant_1216,Ahmedabad,10:00-21:00
1217,Restaurant_1217,Ahmedabad,11:00-23:00
1218,Restaurant_1218,Mumbai,10:00-22:00
1219,Restaurant_1219,Mumbai,11:00-22:00
1220,Restaurant_1220,Pune,9:00-22:00
1221,Restaurant_1221,Chennai,9:00-22:00
1222,Restaurant_1222,Ahmedabad,11:00-22:00
1223,Restaurant_1223,Chennai,11:00-23:00
1224,Restaurant_1224,Ahmedabad,9:00-21:00
1225,Restaurant_1225,Jaipur,10:00-23:00
1226,Restaurant_1226,Mumbai,11:00-22:00
1227,Restaurant_1227,Kolkata,11:00-23:00
1228,Restaurant_1228,Hyderabad,9:00-21:00
1229,Restaurant_1229,Hyderabad,11:00-21:00
1230,Restaurant_1230,Lucknow,9:00-23:00
1231,Restaurant_1231,Chennai,9:00-21:00
1232,Restaurant_1232,Hyderabad,9:00-21:00
1233,Restaurant_1233,Bangalore,10:00-22:00
1234,Restaurant_1234,Hyderabad,10:00-22:00
1235,Restaurant_1235,Kolkata,9:00-22:00
1236,Restaurant_1236,Chennai,9:00-23:00
1237,Restaurant_1237,Lucknow,11:00-21:00
1238,Restaurant_1238,Chennai,10:00-21:00
1239,Restaurant_1239,Chennai,11:00-23:00
1240,Restaurant_1240,Bangalore,9:00-22:00
1241,Restaurant_1241,Ahmedabad,9:00-22:00
1242,Restaurant_1242,Hyderabad,11:00-22:00
1243,Restaurant_1243,Bangalore,9:00-21:00
1244,Restaurant_1244,Ahmedabad,10:00-22:00
1245,Restaurant_1245,Hyderabad,10:00-23:00
1246,Restaurant_1246,Chennai,10:00-23:00
1247,Restaurant_1247,Pune,11:00-21:00
1248,Restaurant_1248,Delhi,11:00-22:00
1249,Restaurant_1249,Pune,11:00-21:00
1250,Restaurant_1250,Pune,10:00-23:00
1251,Restaurant_1251,Delhi,9:00-23:00
1252,Restaurant_1252,Chennai,11:00-22:00
1253,Restaurant_1253,Delhi,9:00-23:00
1254,Restaurant_1254,Ahmedabad,9:00-22:00
1255,Restaurant_1255,Hyderabad,9:00-22:00
1256,Restaurant_1256,Chennai,10:00-21:00
1257,Restaurant_1257,Ahmedabad,10:00-23:00
1258,Restaurant_1258,Pune,9:00-23:00
1259,Restaurant_1259,Jaipur,11:00-23:00
1260,Restaurant_1260,Ahmedabad,10:00-22:00
1261,Restaurant_1261,Delhi,11:00-22:00
1262,Restaurant_1262,Delhi,10:00-21:00
1263,Restaurant_1263,Mumbai,9:00-22:00
1264,Restaurant_1264,Jaipur,11:00-22:00
1265,Restaurant_1265,Mumbai,10:00-21:00
1266,Restaurant_1266,Jaipur,11:00-22:00
1267,Restaurant_1267,Lucknow,11:00-22:00
1268,Restaurant_1268,Pune,11:00-22:00
1269,Restaurant_1269,Jaipur,11:00-23:00
1270,Restaurant_1270,Pune,10:00-21:00
1271,Restaurant_1271,Pune,10:00-23:00
1272,Restaurant_1272,Delhi,11:00-23:00
1273,Restaurant_1273,Kolkata,11:00-22:00
1274,Restaurant_1274,Kolkata,9:00-22:00
1275,Restaurant_1275,Ahmedabad,11:00-23:00
1276,Restaurant_1276,Ahmedabad,9:00-23:00
1277,Restaurant_1277,Kolkata,11:00-23:00
1278,Restaurant_1278,Bangalore,11:00-23:00
1279,Restaurant_1279,Lucknow,9:00-22:00
1280,Restaurant_1280,Delhi,10:00-22:00
1281,Restaurant_1281,Mumbai,9:00-23:00
1282,Restaurant_1282,Hyderabad,11:00-21:00
1283,Restaurant_1283,Lucknow,9:00-23:00
1284,Restaurant_1284,Mumbai,9:00-21:00
1285,Restaurant_1285,Hyderabad,10:00-21:00
1286,Restaurant_1286,Bangalore,9:00-22:00
1287,Restaurant_1287,Ahmedabad,11:00-23:00
1288,Restaurant_1288,Kolkata,9:00-23:00
1289,Restaurant_1289,Pune,9:00-21:00
1290,Restaurant_1290,Hyderabad,9:00-21:00
1291,Restaurant_1291,Hyderabad,10:00-22:00
1292,Restaurant_1292,Jaipur,9:00-21:00
1293,Restaurant_1293,Delhi,10:00-21:00
1294,Restaurant_1294,Ahmedabad,9:00-21:00
1295,Restaurant_1295,Bangalore,10:00-23:00
1296,Restaurant_1296,Jaipur,9:00-21:00
1297,Restaurant_1297,Hyderabad,11:00-23:00
1298,Restaurant_1298,Lucknow,10:00-22:00
1299,Restaurant_1299,Lucknow,10:00-22:00
1300,Restaurant_1300,Lucknow,11:00-23:00
1301,Restaurant_1301,Chennai,11:00-23:00
1302,Restaurant_1302,Lucknow,10:00-21:00
1303,Restaurant_1303,Hyderabad,9:00-23:00
1304,Restaurant_1304,Mumbai,11:00-22:00
1305,Restaurant_1305,Kolkata,11:00-21:00
1306,Restaurant_1306,Lucknow,11:00-23:00
1307,Restaurant_1307,Jaipur,10:00-21:00
1308,Restaurant_1308,Hyderabad,10:00-21:00
1309,Restaurant_1309,Kolkata,9:00-21:00
1310,Restaurant_1310,Kolkata,10:00-23:00
1311,Restaurant_1311,Mumbai,10:00-23:00
1312,Restaurant_1312,Bangalore,10:00-21:00
1313,Restaurant_1313,Jaipur,10:00-21:00
1314,Restaurant_1314,Pune,11:00-23:00
1315,Restaurant_1315,Hyderabad,10:00-23:00
1316,Restaurant_1316,Pune,10:00-22:00
1317,Restaurant_1317,Hyderabad,11:00-21:00
1318,Restaurant_1318,Hyderabad,9:00-22:00
1319,Restaurant_1319,Bangalore,9:00-22:00
1320,Restaurant_1320,Chennai,9:00-21:00
1321,Restaurant_1321,Delhi,10:00-22:00
1322,Restaurant_1322,Mumbai,9:00-21:00
1323,Restaurant_1323,Kolkata,9:00-23:00
1324,Restaurant_1324,Chennai,11:00-22:00
1325,Restaurant_1325,Delhi,10:00-22:00
1326,Restaurant_1326,Hyderabad,9:00-22:00
1327,Restaurant_1327,Chennai,9:00-23:00
1328,Restaurant_1328,Jaipur,10:00-23:00
1329,Restaurant_1329,Bangalore,11:00-22:00
1330,Restaurant_1330,Jaipur,10:00-23:00
1331,Restaurant_1331,Jaipur,11:00-21:00
1332,Restaurant_1332,Bangalore,10:00-22:00
1333,Restaurant_1333,Jaipur,9:00-21:00
1334,Restaurant_1334,Lucknow,11:00-23:00
1335,Restaurant_1335,Pune,9:00-21:00
1336,Restaurant_1336,Chennai,11:00-21:00
1337,Restaurant_1337,Bangalore,11:00-22:00
1338,Restaurant_1338,Kolkata,10:00-22:00
1339,Restaurant_1339,Jaipur,9:00-23:00
1340,Restaurant_1340,Hyderabad,10:00-23:00
1341,Restaurant_1341,Mumbai,9:00-23:00
1342,Restaurant_1342,Kolkata,9:00-22:00
1343,Restaurant_1343,Bangalore,10:00-22:00
1344,Restaurant_1344,Ahmedabad,11:00-22:00
1345,Restaurant_1345,Hyderabad,9:00-21:00
1346,Restaurant_1346,Chennai,9:00-22:00
1347,Restaurant_1347,Delhi,11:00-22:00
1348,Restaurant_1348,Chennai,11:00-22:00
1349,Restaurant_1349,Lucknow,9:00-22:00
1350,Restaurant_1350,Pune,9:00-22:00
1351,Restaurant_1351,Kolkata,10:00-23:00
1352,Restaurant_1352,Jaipur,10:00-22:00
1353,Restaurant_1353,Lucknow,10:00-22:00
1354,Restaurant_1354,Kolkata,9:00-21:00
1355,Restaurant_1355,Pune,9:00-22:00
1356,Restaurant_1356,Jaipur,10:00-21:00
1357,Restaurant_1357,Pune,9:00-23:00
1358,Restaurant_1358,Hyderabad,9:00-23:00
1359,Restaurant_1359,Jaipur,10:00-22:00
1360,Restaurant_1360,Jaipur,11:00-23:00
1361,Restaurant_1361,Jaipur,9:00-22:00
1362,Restaurant_1362,Jaipur,10:00-22:00
1363,Restaurant_1363,Delhi,11:00-22:00
1364,Restaurant_1364,Chennai,9:00-22:00
1365,Restaurant_1365,Jaipur,10:00-23:00
1366,Restaurant_1366,Ahmedabad,10:00-22:00
1367,Restaurant_1367,Hyderabad,10:00-23:00
1368,Restaurant_1368,Mumbai,10:00-21:00
1369,Restaurant_1369,Hyderabad,10:00-22:00
1370,Restaurant_1370,Pune,9:00-22:00
1371,Restaurant_1371,Jaipur,10:00-21:00
1372,Restaurant_1372,Chennai,9:00-23:00
1373,Restaurant_1373,Mumbai,9:00-21:00
1374,Restaurant_1374,Kolkata,11:00-23:00
1375,Restaurant_1375,Lucknow,9:00-21:00
1376,Restaurant_1376,Chennai,11:00-23:00
1377,Restaurant_1377,Mumbai,9:00-23:00
1378,Restaurant_1378,Mumbai,10:00-21:00
1379,Restaurant_1379,Delhi,11:00-22:00
1380,Restaurant_1380,Pune,9:00-21:00
1381,Restaurant_1381,Pune,11:00-21:00
1382,Restaurant_1382,Hyderabad,10:00-23:00
1383,Restaurant_1383,Kolkata,9:00-23:00
1384,Restaurant_1384,Jaipur,10:00-22:00
1385,Restaurant_1385,Chennai,10:00-22:00
1386,Restaurant_1386,Mumbai,10:00-23:00
1387,Restaurant_1387,Pune,11:00-23:00
1388,Restaurant_1388,Chennai,11:00-22:00
1389,Restaurant_1389,Hyderabad,10:00-21:00
1390,Restaurant_1390,Jaipur,10:00-21:00
1391,Restaurant_1391,Lucknow,10:00-22:00
1392,Restaurant_1392,Ahmedabad,11:00-22:00
1393,Restaurant_1393,Bangalore,11:00-21:00
1394,Restaurant_1394,Kolkata,9:00-22:00
1395,Restaurant_1395,Lucknow,9:00-22:00
1396,Restaurant_1396,Lucknow,9:00-21:00
1397,Restaurant_1397,Mumbai,9:00-22:00
1398,Restaurant_1398,Delhi,11:00-22:00
1399,Restaurant_1399,Kolkata,9:00-22:00
1400,Restaurant_1400,Chennai,11:00-23:00
1401,Restaurant_1401,Bangalore,10:00-21:00
1402,Restaurant_1402,Lucknow,9:00-22:00
1403,Restaurant_1403,Mumbai,11:00-23:00
1404,Restaurant_1404,Delhi,11:00-22:00
1405,Restaurant_1405,Hyderabad,11:00-22:00
1406,Restaurant_1406,Kolkata,10:00-23:00
1407,Restaurant_1407,Bangalore,11:00-21:00
1408,Restaurant_1408,Kolkata,11:00-22:00
1409,Restaurant_1409,Lucknow,9:00-23:00
1410,Restaurant_1410,Delhi,10:00-23:00
1411,Restaurant_1411,Mumbai,9:00-21:00
1412,Restaurant_1412,Mumbai,9:00-21:00
1413,Restaurant_1413,Kolkata,11:00-23:00
1414,Restaurant_1414,Ahmedabad,9:00-21:00
1415,Restaurant_1415,Lucknow,10:00-21:00
1416,Restaurant_1416,Chennai,11:00-23:00
1417,Restaurant_1417,Jaipur,9:00-22:00
1418,Restaurant_1418,Bangalore,11:00-23:00
1419,Restaurant_1419,Lucknow,11:00-23:00
1420,Restaurant_1420,Chennai,9:00-22:00
1421,Restaurant_1421,Kolkata,9:00-22:00
1422,Restaurant_1422,Pune,10:00-23:00
1423,Restaurant_1423,Delhi,10:00-22:00
1424,Restaurant_1424,Chennai,10:00-23:00
1425,Restaurant_1425,Jaipur,9:00-21:00
1426,Restaurant_1426,Ahmedabad,9:00-23:00
1427,Restaurant_1427,Jaipur,11:00-21:00
1428,Restaurant_1428,Pune,9:00-22:00
1429,Restaurant_1429,Delhi,11:00-22:00
1430,Restaurant_1430,Hyderabad,10:00-23:00
1431,Restaurant_1431,Chennai,11:00-23:00
1432,Restaurant_1432,Lucknow,9:00-23:00
1433,Restaurant_1433,Pune,11:00-22:00
1434,Restaurant_1434,Mumbai,11:00-23:00
1435,Restaurant_1435,Hyderabad,10:00-21:00
1436,Restaurant_1436,Lucknow,10:00-23:00
1437,Restaurant_1437,Chennai,10:00-21:00
1438,Restaurant_1438,Lucknow,11:00-21:00
1439,Restaurant_1439,Mumbai,10:00-23:00
1440,Restaurant_1440,Chennai,10:00-23:00
1441,Restaurant_1441,Bangalore,9:00-23:00
1442,Restaurant_1442,Hyderabad,9:00-21:00
1443,Restaurant_1443,Bangalore,9:00-22:00
1444,Restaurant_1444,Mumbai,9:00-23:00
1445,Restaurant_1445,Delhi,10:00-23:00
1446,Restaurant_1446,Chennai,10:00-21:00
1447,Restaurant_1447,Mumbai,10:00-23:00
1448,Restaurant_1448,Hyderabad,9:00-23:00
1449,Restaurant_1449,Ahmedabad,10:00-21:00
1450,Restaurant_1450,Chennai,10:00-21:00
1451,Restaurant_1451,Bangalore,11:00-21:00
1452,Restaurant_1452,Lucknow,10:00-23:00
1453,Restaurant_1453,Pune,11:00-21:00
1454,Restaurant_1454,Kolkata,9:00-22:00
1455,Restaurant_1455,Chennai,10:00-22:00
1456,Restaurant_1456,Jaipur,10:00-22:00
1457,Restaurant_1457,Jaipur,11:00-21:00
1458,Restaurant_1458,Pune,9:00-22:00
1459,Restaurant_1459,Mumbai,10:00-23:00
1460,Restaurant_1460,Hyderabad,10:00-23:00
1461,Restaurant_1461,Jaipur,11:00-21:00
1462,Restaurant_1462,Ahmedabad,10:00-21:00
1463,Restaurant_1463,Kolkata,11:00-22:00
1464,Restaurant_1464,Bangalore,11:00-22:00
1465,Restaurant_1465,Kolkata,10:00-22:00
1466,Restaurant_1466,Bangalore,9:00-23:00
1467,Restaurant_1467,Delhi,9:00-23:00
1468,Restaurant_1468,Ahmedabad,9:00-22:00
1469,Restaurant_1469,Kolkata,10:00-22:00
1470,Restaurant_1470,Jaipur,10:00-23:00
1471,Restaurant_1471,Lucknow,10:00-22:00
1472,Restaurant_1472,Hyderabad,11:00-23:00
1473,Restaurant_1473,Bangalore,10:00-23:00
1474,Restaurant_1474,Hyderabad,10:00-22:00
1475,Restaurant_1475,Kolkata,10:00-23:00
1476,Restaurant_1476,Ahmedabad,11:00-22:00
1477,Restaurant_1477,Mumbai,10:00-23:00
1478,Restaurant_1478,Jaipur,11:00-22:00
1479,Restaurant_1479,Pune,10:00-22:00
1480,Restaurant_1480,Jaipur,10:00-21:00
1481,Restaurant_1481,Jaipur,9:00-21:00
1482,Restaurant_1482,Lucknow,11:00-22:00
1483,Restaurant_1483,Chennai,9:00-22:00
1484,Restaurant_1484,Kolkata,10:00-23:00
1485,Restaurant_1485,Jaipur,10:00-22:00
1486,Restaurant_1486,Kolkata,11:00-23:00
1487,Restaurant_1487,Mumbai,9:00-22:00
1488,Restaurant_1488,Chennai,11:00-21:00
1489,Restaurant_1489,Lucknow,11:00-21:00
1490,Restaurant_1490,Chennai,11:00-23:00
1491,Restaurant_1491,Lucknow,11:00-22:00
1492,Restaurant_1492,Mumbai,10:00-21:00
1493,Restaurant_1493,Kolkata,11:00-23:00
1494,Restaurant_1494,Pune,11:00-22:00
1495,Restaurant_1495,Lucknow,11:00-23:00
1496,Restaurant_1496,Delhi,11:00-22:00
1497,Restaurant_1497,Pune,9:00-21:00
1498,Restaurant_1498,Pune,11:00-23:00
1499,Restaurant_1499,Kolkata,10:00-23:00
1500,Restaurant_1500,Ahmedabad,11:00-23:00
1501,Restaurant_1501,Pune,11:00-23:00
1502,Restaurant_1502,Pune,10:00-23:00
1503,Restaurant_1503,Lucknow,11:00-22:00
1504,Restaurant_1504,Ahmedabad,11:00-22:00
1505,Restaurant_1505,Bangalore,9:00-22:00
1506,Restaurant_1506,Pune,10:00-22:00
1507,Restaurant_1507,Pune,10:00-22:00
1508,Restaurant_1508,Lucknow,9:00-22:00
1509,Restaurant_1509,Mumbai,11:00-23:00
1510,Restaurant_1510,Ahmedabad,10:00-22:00
1511,Restaurant_1511,Lucknow,9:00-23:00
1512,Restaurant_1512,Mumbai,10:00-21:00
1513,Restaurant_1513,Mumbai,11:00-22:00
1514,Restaurant_1514,Delhi,9:00-22:00
1515,Restaurant_1515,Mumbai,10:00-23:00
1516,Restaurant_1516,Chennai,10:00-21:00
1517,Restaurant_1517,Mumbai,9:00-21:00
1518,Restaurant_1518,Lucknow,9:00-23:00
1519,Restaurant_1519,Pune,9:00-23:00
1520,Restaurant_1520,Hyderabad,10:00-21:00
1521,Restaurant_1521,Bangalore,10:00-22:00
1522,Restaurant_1522,Mumbai,9:00-22:00
1523,Restaurant_1523,Hyderabad,11:00-21:00
1524,Restaurant_1524,Jaipur,9:00-21:00
1525,Restaurant_1525,Bangalore,9:00-21:00
1526,Restaurant_1526,Delhi,11:00-23:00
1527,Restaurant_1527,Jaipur,11:00-23:00
1528,Restaurant_1528,Hyderabad,11:00-21:00
1529,Restaurant_1529,Pune,11:00-22:00
1530,Restaurant_1530,Lucknow,10:00-21:00
1531,Restaurant_1531,Delhi,10:00-21:00
1532,Restaurant_1532,Pune,10:00-23:00
1533,Restaurant_1533,Ahmedabad,9:00-21:00
1534,Restaurant_1534,Kolkata,9:00-23:00
1535,Restaurant_1535,Hyderabad,9:00-21:00
1536,Restaurant_1536,Ahmedabad,10:00-23:00
1537,Restaurant_1537,Lucknow,11:00-21:00
1538,Restaurant_1538,Pune,10:00-22:00
1539,Restaurant_1539,Bangalore,10:00-21:00
1540,Restaurant_1540,Kolkata,10:00-23:00
1541,Restaurant_1541,Kolkata,10:00-23:00
1542,Restaurant_1542,Mumbai,9:00-22:00
1543,Restaurant_1543,Ahmedabad,11:00-22:00
1544,Restaurant_1544,Mumbai,9:00-21:00
1545,Restaurant_1545,Ahmedabad,11:00-23:00
1546,Restaurant_1546,Chennai,11:00-22:00
1547,Restaurant_1547,Chennai,10:00-23:00
1548,Restaurant_1548,Mumbai,10:00-22:00
1549,Restaurant_1549,Lucknow,11:00-22:00
1550,Restaurant_1550,Jaipur,9:00-22:00
1551,Restaurant_1551,Jaipur,9:00-22:00
1552,Restaurant_1552,Mumbai,10:00-23:00
1553,Restaurant_1553,Mumbai,9:00-22:00
1554,Restaurant_1554,Kolkata,10:00-21:00
1555,Restaurant_1555,Pune,11:00-21:00
1556,Restaurant_1556,Kolkata,9:00-22:00
1557,Restaurant_1557,Hyderabad,9:00-23:00
1558,Restaurant_1558,Chennai,11:00-23:00
1559,Restaurant_1559,Ahmedabad,9:00-23:00
1560,Restaurant_1560,Chennai,10:00-21:00
1561,Restaurant_1561,Ahmedabad,11:00-23:00
1562,Restaurant_1562,Chennai,9:00-23:00
1563,Restaurant_1563,Bangalore,9:00-21:00
1564,Restaurant_1564,Pune,11:00-21:00
1565,Restaurant_1565,Lucknow,9:00-21:00
1566,Restaurant_1566,Lucknow,11:00-23:00
1567,Restaurant_1567,Chennai,11:00-21:00
1568,Restaurant_1568,Lucknow,10:00-23:00
1569,Restaurant_1569,Delhi,11:00-21:00
1570,Restaurant_1570,Jaipur,11:00-23:00
1571,Restaurant_1571,Jaipur,10:00-21:00
1572,Restaurant_1572,Pune,9:00-21:00
1573,Restaurant_1573,Hyderabad,10:00-23:00
1574,Restaurant_1574,Ahmedabad,10:00-22:00
1575,Restaurant_1575,Chennai,9:00-23:00
1576,Restaurant_1576,Mumbai,9:00-23:00
1577,Restaurant_1577,Lucknow,9:00-22:00
1578,Restaurant_1578,Delhi,9:00-22:00
1579,Restaurant_1579,Pune,9:00-22:00
1580,Restaurant_1580,Pune,9:00-22:00
1581,Restaurant_1581,Lucknow,11:00-21:00
1582,Restaurant_1582,Kolkata,10:00-23:00
1583,Restaurant_1583,Hyderabad,11:00-22:00
1584,Restaurant_1584,Chennai,9:00-21:00
1585,Restaurant_1585,Kolkata,9:00-23:00
1586,Restaurant_1586,Ahmedabad,11:00-23:00
1587,Restaurant_1587,Chennai,11:00-21:00
1588,Restaurant_1588,Delhi,11:00-21:00
1589,Restaurant_1589,Lucknow,9:00-21:00
1590,Restaurant_1590,Pune,10:00-21:00
1591,Restaurant_1591,Delhi,10:00-21:00
1592,Restaurant_1592,Chennai,9:00-22:00
1593,Restaurant_1593,Ahmedabad,10:00-23:00
1594,Restaurant_1594,Jaipur,11:00-21:00
1595,Restaurant_1595,Chennai,11:00-22:00
1596,Restaurant_1596,Hyderabad,10:00-22:00
1597,Restaurant_1597,Jaipur,9:00-21:00
1598,Restaurant_1598,Ahmedabad,9:00-22:00
1599,Restaurant_1599,Bangalore,9:00-22:00
1600,Restaurant_1600,Jaipur,10:00-21:00
1601,Restaurant_1601,Hyderabad,11:00-22:00
1602,Restaurant_1602,Hyderabad,11:00-21:00
1603,Restaurant_1603,Pune,9:00-22:00
1604,Restaurant_1604,Chennai,11:00-21:00
1605,Restaurant_1605,Pune,10:00-21:00
1606,Restaurant_1606,Bangalore,9:00-22:00
1607,Restaurant_1607,Pune,11:00-23:00
1608,Restaurant_1608,Ahmedabad,10:00-21:00
1609,Restaurant_1609,Delhi,10:00-21:00
1610,Restaurant_1610,Chennai,9:00-21:00
1611,Restaurant_1611,Hyderabad,9:00-21:00
1612,Restaurant_1612,Chennai,11:00-23:00
1613,Restaurant_1613,Mumbai,9:00-23:00
1614,Restaurant_1614,Lucknow,11:00-23:00
1615,Restaurant_1615,Chennai,9:00-23:00
1616,Restaurant_1616,Bangalore,9:00-23:00
1617,Restaurant_1617,Delhi,9:00-21:00
1618,Restaurant_1618,Bangalore,9:00-23:00
1619,Restaurant_1619,Bangalore,10:00-21:00
1620,Restaurant_1620,Jaipur,11:00-22:00
1621,Restaurant_1621,Hyderabad,9:00-23:00
1622,Restaurant_1622,Mumbai,11:00-21:00
1623,Restaurant_1623,Bangalore,11:00-23:00
1624,Restaurant_1624,Ahmedabad,10:00-21:00
1625,Restaurant_1625,Ahmedabad,11:00-23:00
1626,Restaurant_1626,Jaipur,9:00-22:00
1627,Restaurant_1627,Mumbai,9:00-21:00
1628,Restaurant_1628,Chennai,9:00-21:00
1629,Restaurant_1629,Lucknow,10:00-21:00
1630,Restaurant_1630,Hyderabad,10:00-23:00
1631,Restaurant_1631,Delhi,10:00-22:00
1632,Restaurant_1632,Lucknow,9:00-22:00
1633,Restaurant_1633,Bangalore,11:00-22:00
1634,Restaurant_1634,Pune,9:00-21:00
1635,Restaurant_1635,Mumbai,11:00-23:00
1636,Restaurant_1636,Pune,10:00-23:00
1637,Restaurant_1637,Jaipur,11:00-22:00
1638,Restaurant_1638,Lucknow,11:00-21:00
1639,Restaurant_1639,Ahmedabad,10:00-22:00
1640,Restaurant_1640,Pune,11:00-22:00
1641,Restaurant_1641,Hyderabad,10:00-22:00
1642,Restaurant_1642,Chennai,11:00-22:00
1643,Restaurant_1643,Ahmedabad,11:00-21:00
1644,Restaurant_1644,Delhi,11:00-22:00
1645,Restaurant_1645,Pune,11:00-23:00
1646,Restaurant_1646,Hyderabad,9:00-22:00
1647,Restaurant_1647,Kolkata,10:00-22:00
1648,Restaurant_1648,Chennai,9:00-23:00
1649,Restaurant_1649,Chennai,10:00-23:00
1650,Restaurant_1650,Chennai,11:00-23:00
1651,Restaurant_1651,Jaipur,11:00-22:00
1652,Restaurant_1652,Jaipur,10:00-23:00
1653,Restaurant_1653,Bangalore,10:00-23:00
1654,Restaurant_1654,Delhi,9:00-21:00
1655,Restaurant_1655,Mumbai,9:00-21:00
1656,Restaurant_1656,Jaipur,11:00-22:00
1657,Restaurant_1657,Kolkata,10:00-22:00
1658,Restaurant_1658,Ahmedabad,10:00-22:00
1659,Restaurant_1659,Mumbai,10:00-22:00
1660,Restaurant_1660,Kolkata,11:00-21:00
1661,Restaurant_1661,Bangalore,11:00-21:00
1662,Restaurant_1662,Bangalore,10:00-21:00
1663,Restaurant_1663,Mumbai,9:00-22:00
1664,Restaurant_1664,Mumbai,9:00-23:00
1665,Restaurant_1665,Lucknow,10:00-21:00
1666,Restaurant_1666,Jaipur,11:00-23:00
1667,Restaurant_1667,Bangalore,9:00-21:00
1668,Restaurant_1668,Jaipur,11:00-23:00
1669,Restaurant_1669,Kolkata,11:00-21:00
1670,Restaurant_1670,Jaipur,10:00-21:00
1671,Restaurant_1671,Chennai,10:00-22:00
1672,Restaurant_1672,Bangalore,9:00-23:00
1673,Restaurant_1673,Mumbai,9:00-21:00
1674,Restaurant_1674,Delhi,9:00-22:00
1675,Restaurant_1675,Hyderabad,10:00-21:00
1676,Restaurant_1676,Mumbai,11:00-22:00
1677,Restaurant_1677,Mumbai,10:00-23:00
1678,Restaurant_1678,Pune,10:00-22:00
1679,Restaurant_1679,Mumbai,9:00-21:00
1680,Restaurant_1680,Bangalore,11:00-23:00
1681,Restaurant_1681,Kolkata,11:00-23:00
1682,Restaurant_1682,Hyderabad,11:00-21:00
1683,Restaurant_1683,Bangalore,9:00-21:00
1684,Restaurant_1684,Hyderabad,9:00-21:00
1685,Restaurant_1685,Mumbai,10:00-23:00
1686,Restaurant_1686,Lucknow,11:00-23:00
1687,Restaurant_1687,Delhi,9:00-23:00
1688,Restaurant_1688,Delhi,9:00-22:00
1689,Restaurant_1689,Kolkata,9:00-22:00
1690,Restaurant_1690,Bangalore,9:00-22:00
1691,Restaurant_1691,Mumbai,11:00-22:00
1692,Restaurant_1692,Hyderabad,9:00-23:00
1693,Restaurant_1693,Mumbai,11:00-21:00
1694,Restaurant_1694,Lucknow,9:00-23:00
1695,Restaurant_1695,Delhi,10:00-22:00
1696,Restaurant_1696,Bangalore,10:00-23:00
1697,Restaurant_1697,Kolkata,9:00-22:00
1698,Restaurant_1698,Hyderabad,11:00-22:00
1699,Restaurant_1699,Lucknow,11:00-21:00
1700,Restaurant_1700,Delhi,10:00-21:00
1701,Restaurant_1701,Pune,11:00-21:00
1702,Restaurant_1702,Lucknow,11:00-23:00
1703,Restaurant_1703,Bangalore,11:00-23:00
1704,Restaurant_1704,Mumbai,11:00-21:00
1705,Restaurant_1705,Lucknow,10:00-21:00
1706,Restaurant_1706,Delhi,11:00-23:00
1707,Restaurant_1707,Mumbai,9:00-22:00
1708,Restaurant_1708,Pune,11:00-21:00
1709,Restaurant_1709,Jaipur,10:00-23:00
1710,Restaurant_1710,Jaipur,11:00-22:00
1711,Restaurant_1711,Lucknow,10:00-23:00
1712,Restaurant_1712,Bangalore,9:00-22:00
1713,Restaurant_1713,Pune,10:00-22:00
1714,Restaurant_1714,Delhi,9:00-23:00
1715,Restaurant_1715,Chennai,11:00-22:00
1716,Restaurant_1716,Chennai,11:00-21:00
1717,Restaurant_1717,Chennai,9:00-23:00
1718,Restaurant_1718,Kolkata,9:00-23:00
1719,Restaurant_1719,Chennai,11:00-23:00
1720,Restaurant_1720,Jaipur,9:00-22:00
1721,Restaurant_1721,Lucknow,11:00-23:00
1722,Restaurant_1722,Jaipur,9:00-21:00
1723,Restaurant_1723,Mumbai,9:00-21:00
1724,Restaurant_1724,Chennai,11:00-23:00
1725,Restaurant_1725,Bangalore,9:00-22:00
1726,Restaurant_1726,Delhi,11:00-21:00
1727,Restaurant_1727,Jaipur,10:00-21:00
1728,Restaurant_1728,Ahmedabad,11:00-21:00
1729,Restaurant_1729,Delhi,10:00-23:00
1730,Restaurant_1730,Delhi,9:00-23:00
1731,Restaurant_1731,Pune,10:00-22:00
1732,Restaurant_1732,Jaipur,9:00-23:00
1733,Restaurant_1733,Hyderabad,10:00-23:00
1734,Restaurant_1734,Mumbai,10:00-22:00
1735,Restaurant_1735,Delhi,10:00-22:00
1736,Restaurant_1736,Chennai,11:00-22:00
1737,Restaurant_1737,Hyderabad,11:00-22:00
1738,Restaurant_1738,Mumbai,10:00-22:00
1739,Restaurant_1739,Pune,9:00-21:00
1740,Restaurant_1740,Pune,10:00-23:00
1741,Restaurant_1741,Kolkata,11:00-22:00
1742,Restaurant_1742,Bangalore,9:00-22:00
1743,Restaurant_1743,Delhi,11:00-23:00
1744,Restaurant_1744,Hyderabad,9:00-21:00
1745,Restaurant_1745,Pune,10:00-22:00
1746,Restaurant_1746,Mumbai,10:00-23:00
1747,Restaurant_1747,Jaipur,11:00-21:00
1748,Restaurant_1748,Kolkata,10:00-22:00
1749,Restaurant_1749,Hyderabad,9:00-21:00
1750,Restaurant_1750,Kolkata,9:00-22:00
1751,Restaurant_1751,Mumbai,10:00-23:00
1752,Restaurant_1752,Kolkata,9:00-23:00
1753,Restaurant_1753,Lucknow,10:00-22:00
1754,Restaurant_1754,Ahmedabad,11:00-21:00
1755,Restaurant_1755,Hyderabad,11:00-23:00
1756,Restaurant_1756,Kolkata,11:00-23:00
1757,Restaurant_1757,Pune,11:00-23:00
1758,Restaurant_1758,Pune,10:00-23:00
1759,Restaurant_1759,Lucknow,10:00-22:00
1760,Restaurant_1760,Bangalore,11:00-21:00
1761,Restaurant_1761,Hyderabad,11:00-23:00
1762,Restaurant_1762,Ahmedabad,11:00-22:00
1763,Restaurant_1763,Chennai,9:00-23:00
1764,Restaurant_1764,Jaipur,10:00-21:00
1765,Restaurant_1765,Chennai,11:00-22:00
1766,Restaurant_1766,Bangalore,11:00-23:00
1767,Restaurant_1767,Pune,10:00-21:00
1768,Restaurant_1768,Chennai,9:00-21:00
1769,Restaurant_1769,Hyderabad,10:00-21:00
1770,Restaurant_1770,Ahmedabad,11:00-23:00
1771,Restaurant_1771,Lucknow,10:00-21:00
1772,Restaurant_1772,Pune,10:00-21:00
1773,Restaurant_1773,Lucknow,10:00-23:00
1774,Restaurant_1774,Delhi,11:00-23:00
1775,Restaurant_1775,Kolkata,10:00-22:00
1776,Restaurant_1776,Bangalore,10:00-23:00
1777,Restaurant_1777,Bangalore,11:00-21:00
1778,Restaurant_1778,Jaipur,10:00-21:00
1779,Restaurant_1779,Bangalore,10:00-22:00
1780,Restaurant_1780,Kolkata,9:00-23:00
1781,Restaurant_1781,Mumbai,9:00-21:00
1782,Restaurant_1782,Delhi,10:00-23:00
1783,Restaurant_1783,Kolkata,11:00-21:00
1784,Restaurant_1784,Mumbai,10:00-21:00
1785,Restaurant_1785,Delhi,9:00-22:00
1786,Restaurant_1786,Ahmedabad,9:00-23:00
1787,Restaurant_1787,Delhi,11:00-21:00
1788,Restaurant_1788,Delhi,10:00-22:00
1789,Restaurant_1789,Delhi,11:00-23:00
1790,Restaurant_1790,Ahmedabad,9:00-22:00
1791,Restaurant_1791,Kolkata,11:00-23:00
1792,Restaurant_1792,Bangalore,11:00-21:00
1793,Restaurant_1793,Bangalore,9:00-23:00
1794,Restaurant_1794,Lucknow,10:00-21:00
1795,Restaurant_1795,Mumbai,11:00-22:00
1796,Restaurant_1796,Ahmedabad,10:00-22:00
1797,Restaurant_1797,Ahmedabad,11:00-21:00
1798,Restaurant_1798,Pune,9:00-21:00
1799,Restaurant_1799,Ahmedabad,11:00-21:00
1800,Restaurant_1800,Bangalore,11:00-21:00
1801,Restaurant_1801,Chennai,10:00-22:00
1802,Restaurant_1802,Pune,10:00-21:00
1803,Restaurant_1803,Mumbai,10:00-23:00
1804,Restaurant_1804,Bangalore,10:00-22:00
1805,Restaurant_1805,Kolkata,9:00-23:00
1806,Restaurant_1806,Kolkata,11:00-23:00
1807,Restaurant_1807,Chennai,9:00-23:00
1808,Restaurant_1808,Hyderabad,11:00-23:00
1809,Restaurant_1809,Mumbai,9:00-22:00
1810,Restaurant_1810,Ahmedabad,10:00-23:00
1811,Restaurant_1811,Bangalore,10:00-22:00
1812,Restaurant_1812,Jaipur,10:00-22:00
1813,Restaurant_1813,Hyderabad,11:00-21:00
1814,Restaurant_1814,Lucknow,9:00-22:00
1815,Restaurant_1815,Bangalore,11:00-21:00
1816,Restaurant_1816,Hyderabad,9:00-22:00
1817,Restaurant_1817,Ahmedabad,10:00-23:00
1818,Restaurant_1818,Bangalore,9:00-23:00
1819,Restaurant_1819,Jaipur,10:00-21:00
1820,Restaurant_1820,Kolkata,10:00-22:00
1821,Restaurant_1821,Delhi,10:00-21:00
1822,Restaurant_1822,Kolkata,9:00-21:00
1823,Restaurant_1823,Ahmedabad,10:00-21:00
1824,Restaurant_1824,Chennai,10:00-23:00
1825,Restaurant_1825,Kolkata,11:00-22:00
1826,Restaurant_1826,Chennai,9:00-22:00
1827,Restaurant_1827,Kolkata,11:00-21:00
1828,Restaurant_1828,Lucknow,11:00-21:00
1829,Restaurant_1829,Kolkata,9:00-21:00
1830,Restaurant_1830,Mumbai,10:00-21:00
1831,Restaurant_1831,Pune,11:00-22:00
1832,Restaurant_1832,Mumbai,9:00-23:00
1833,Restaurant_1833,Ahmedabad,9:00-23:00
1834,Restaurant_1834,Delhi,9:00-21:00
1835,Restaurant_1835,Pune,11:00-22:00
1836,Restaurant_1836,Lucknow,9:00-23:00
1837,Restaurant_1837,Ahmedabad,11:00-22:00
1838,Restaurant_1838,Delhi,9:00-21:00
1839,Restaurant_1839,Lucknow,9:00-22:00
1840,Restaurant_1840,Lucknow,9:00-22:00
1841,Restaurant_1841,Mumbai,11:00-23:00
1842,Restaurant_1842,Pune,9:00-22:00
1843,Restaurant_1843,Ahmedabad,11:00-22:00
1844,Restaurant_1844,Lucknow,11:00-23:00
1845,Restaurant_1845,Jaipur,10:00-22:00
1846,Restaurant_1846,Delhi,9:00-22:00
1847,Restaurant_1847,Pune,10:00-22:00
1848,Restaurant_1848,Delhi,9:00-21:00
1849,Restaurant_1849,Chennai,9:00-22:00
1850,Restaurant_1850,Ahmedabad,10:00-21:00
1851,Restaurant_1851,Kolkata,11:00-22:00
1852,Restaurant_1852,Lucknow,11:00-23:00
1853,Restaurant_1853,Chennai,11:00-23:00
1854,Restaurant_1854,Mumbai,10:00-21:00
1855,Restaurant_1855,Pune,11:00-22:00
1856,Restaurant_1856,Hyderabad,9:00-22:00
1857,Restaurant_1857,Ahmedabad,10:00-22:00
1858,Restaurant_1858,Delhi,9:00-21:00
1859,Restaurant_1859,Chennai,11:00-23:00
1860,Restaurant_1860,Jaipur,10:00-23:00
1861,Restaurant_1861,Jaipur,11:00-21:00
1862,Restaurant_1862,Pune,11:00-22:00
1863,Restaurant_1863,Chennai,11:00-21:00
1864,Restaurant_1864,Jaipur,9:00-22:00
1865,Restaurant_1865,Jaipur,10:00-23:00
1866,Restaurant_1866,Ahmedabad,10:00-21:00
1867,Restaurant_1867,Bangalore,11:00-23:00
1868,Restaurant_1868,Chennai,9:00-21:00
1869,Restaurant_1869,Hyderabad,11:00-23:00
1870,Restaurant_1870,Kolkata,9:00-22:00
1871,Restaurant_1871,Kolkata,10:00-22:00
1872,Restaurant_1872,Pune,10:00-22:00
1873,Restaurant_1873,Chennai,9:00-23:00
1874,Restaurant_1874,Jaipur,10:00-21:00
1875,Restaurant_1875,Hyderabad,11:00-21:00
1876,Restaurant_1876,Ahmedabad,10:00-22:00
1877,Restaurant_1877,Bangalore,9:00-21:00
1878,Restaurant_1878,Ahmedabad,10:00-22:00
1879,Restaurant_1879,Kolkata,9:00-23:00
1880,Restaurant_1880,Bangalore,11:00-23:00
1881,Restaurant_1881,Jaipur,9:00-23:00
1882,Restaurant_1882,Delhi,9:00-21:00
1883,Restaurant_1883,Mumbai,10:00-23:00
1884,Restaurant_1884,Mumbai,10:00-23:00
1885,Restaurant_1885,Lucknow,9:00-21:00
1886,Restaurant_1886,Kolkata,11:00-22:00
1887,Restaurant_1887,Hyderabad,9:00-22:00
1888,Restaurant_1888,Jaipur,9:00-23:00
1889,Restaurant_1889,Jaipur,11:00-23:00
1890,Restaurant_1890,Kolkata,11:00-21:00
1891,Restaurant_1891,Hyderabad,11:00-22:00
1892,Restaurant_1892,Jaipur,9:00-22:00
1893,Restaurant_1893,Pune,10:00-22:00
1894,Restaurant_1894,Bangalore,11:00-21:00
1895,Restaurant_1895,Ahmedabad,11:00-22:00
1896,Restaurant_1896,Hyderabad,11:00-21:00
1897,Restaurant_1897,Jaipur,10:00-22:00
1898,Restaurant_1898,Mumbai,11:00-22:00
1899,Restaurant_1899,Mumbai,9:00-23:00
1900,Restaurant_1900,Lucknow,9:00-23:00
1901,Restaurant_1901,Bangalore,9:00-22:00
1902,Restaurant_1902,Bangalore,9:00-21:00
1903,Restaurant_1903,Bangalore,10:00-23:00
1904,Restaurant_1904,Chennai,11:00-22:00
1905,Restaurant_1905,Lucknow,9:00-22:00
1906,Restaurant_1906,Delhi,9:00-23:00
1907,Restaurant_1907,Delhi,11:00-23:00
1908,Restaurant_1908,Pune,10:00-22:00
1909,Restaurant_1909,Kolkata,10:00-21:00
1910,Restaurant_1910,Mumbai,11:00-22:00
1911,Restaurant_1911,Lucknow,9:00-23:00
1912,Restaurant_1912,Jaipur,10:00-23:00
1913,Restaurant_1913,Pune,9:00-22:00
1914,Restaurant_1914,Bangalore,11:00-21:00
1915,Restaurant_1915,Pune,11:00-21:00
1916,Restaurant_1916,Delhi,11:00-23:00
1917,Restaurant_1917,Jaipur,9:00-21:00
1918,Restaurant_1918,Bangalore,10:00-21:00
1919,Restaurant_1919,Pune,9:00-23:00
1920,Restaurant_1920,Bangalore,9:00-23:00
1921,Restaurant_1921,Kolkata,11:00-22:00
1922,Restaurant_1922,Ahmedabad,11:00-22:00
1923,Restaurant_1923,Chennai,9:00-22:00
1924,Restaurant_1924,Lucknow,9:00-23:00
1925,Restaurant_1925,Mumbai,9:00-23:00
1926,Restaurant_1926,Chennai,10:00-22:00
1927,Restaurant_1927,Ahmedabad,9:00-21:00
1928,Restaurant_1928,Kolkata,10:00-22:00
1929,Restaurant_1929,Bangalore,9:00-23:00
1930,Restaurant_1930,Chennai,9:00-21:00
1931,Restaurant_1931,Kolkata,9:00-21:00
1932,Restaurant_1932,Mumbai,11:00-23:00
1933,Restaurant_1933,Mumbai,10:00-22:00
1934,Restaurant_1934,Hyderabad,11:00-21:00
1935,Restaurant_1935,Bangalore,9:00-23:00
1936,Restaurant_1936,Chennai,9:00-23:00
1937,Restaurant_1937,Bangalore,11:00-21:00
1938,Restaurant_1938,Hyderabad,10:00-21:00
1939,Restaurant_1939,Lucknow,11:00-22:00
1940,Restaurant_1940,Bangalore,10:00-22:00
1941,Restaurant_1941,Mumbai,10:00-21:00
1942,Restaurant_1942,Pune,11:00-23:00
1943,Restaurant_1943,Ahmedabad,9:00-23:00
1944,Restaurant_1944,Jaipur,9:00-22:00
1945,Restaurant_1945,Kolkata,9:00-22:00
1946,Restaurant_1946,Pune,9:00-21:00
1947,Restaurant_1947,Delhi,11:00-22:00
1948,Restaurant_1948,Ahmedabad,10:00-22:00
1949,Restaurant_1949,Kolkata,11:00-21:00
1950,Restaurant_1950,Delhi,9:00-21:00
1951,Restaurant_1951,Bangalore,11:00-21:00
1952,Restaurant_1952,Mumbai,9:00-22:00
1953,Restaurant_1953,Pune,10:00-23:00
1954,Restaurant_1954,Delhi,9:00-23:00
1955,Restaurant_1955,Kolkata,10:00-23:00
1956,Restaurant_1956,Delhi,10:00-21:00
1957,Restaurant_1957,Hyderabad,11:00-23:00
1958,Restaurant_1958,Bangalore,10:00-22:00
1959,Restaurant_1959,Delhi,10:00-21:00
1960,Restaurant_1960,Chennai,9:00-21:00
1961,Restaurant_1961,Chennai,11:00-23:00
1962,Restaurant_1962,Kolkata,11:00-22:00
1963,Restaurant_1963,Mumbai,11:00-21:00
1964,Restaurant_1964,Delhi,11:00-21:00
1965,Restaurant_1965,Chennai,10:00-21:00
1966,Restaurant_1966,Kolkata,9:00-23:00
1967,Restaurant_1967,Mumbai,11:00-22:00
1968,Restaurant_1968,Delhi,11:00-23:00
1969,Restaurant_1969,Delhi,9:00-22:00
1970,Restaurant_1970,Bangalore,11:00-23:00
1971,Restaurant_1971,Ahmedabad,9:00-22:00
1972,Restaurant_1972,Delhi,10:00-23:00
1973,Restaurant_1973,Mumbai,9:00-23:00
1974,Restaurant_1974,Ahmedabad,10:00-22:00
1975,Restaurant_1975,Bangalore,10:00-21:00
1976,Restaurant_1976,Kolkata,9:00-22:00
1977,Restaurant_1977,Chennai,9:00-23:00
1978,Restaurant_1978,Kolkata,10:00-22:00
1979,Restaurant_1979,Chennai,10:00-23:00
1980,Restaurant_1980,Chennai,11:00-22:00
1981,Restaurant_1981,Ahmedabad,9:00-21:00
1982,Restaurant_1982,Mumbai,11:00-23:00
1983,Restaurant_1983,Jaipur,9:00-23:00
1984,Restaurant_1984,Ahmedabad,9:00-21:00
1985,Restaurant_1985,Delhi,11:00-21:00
1986,Restaurant_1986,Ahmedabad,10:00-22:00
1987,Restaurant_1987,Hyderabad,11:00-22:00
1988,Restaurant_1988,Mumbai,10:00-22:00
1989,Restaurant_1989,Delhi,11:00-23:00
1990,Restaurant_1990,Bangalore,9:00-22:00
1991,Restaurant_1991,Ahmedabad,11:00-21:00
1992,Restaurant_1992,Pune,9:00-21:00
1993,Restaurant_1993,Lucknow,9:00-23:00
1994,Restaurant_1994,Ahmedabad,11:00-23:00
1995,Restaurant_1995,Hyderabad,11:00-23:00
1996,Restaurant_1996,Mumbai,9:00-23:00
1997,Restaurant_1997,Pune,9:00-23:00
1998,Restaurant_1998,Ahmedabad,9:00-22:00
1999,Restaurant_1999,Ahmedabad,9:00-23:00
2000,Restaurant_2000,Bangalore,9:00-22:00
